object_type,schema_name,object_name,relkind,grantee,privilege_type,is_grantable
relation,auth,audit_log_entries,r,postgres,DELETE,NO
relation,auth,audit_log_entries,r,postgres,INSERT,NO
relation,auth,audit_log_entries,r,postgres,REFERENCES,NO
relation,auth,audit_log_entries,r,postgres,SELECT,YES
relation,auth,audit_log_entries,r,postgres,TRIGGER,NO
relation,auth,audit_log_entries,r,postgres,TRUNCATE,NO
relation,auth,audit_log_entries,r,postgres,UPDATE,NO
relation,auth,flow_state,r,postgres,DELETE,NO
relation,auth,flow_state,r,postgres,INSERT,NO
relation,auth,flow_state,r,postgres,REFERENCES,NO
relation,auth,flow_state,r,postgres,SELECT,YES
relation,auth,flow_state,r,postgres,TRIGGER,NO
relation,auth,flow_state,r,postgres,TRUNCATE,NO
relation,auth,flow_state,r,postgres,UPDATE,NO
relation,auth,identities,r,postgres,DELETE,NO
relation,auth,identities,r,postgres,INSERT,NO
relation,auth,identities,r,postgres,REFERENCES,NO
relation,auth,identities,r,postgres,SELECT,YES
relation,auth,identities,r,postgres,TRIGGER,NO
relation,auth,identities,r,postgres,TRUNCATE,NO
relation,auth,identities,r,postgres,UPDATE,NO
relation,auth,instances,r,postgres,DELETE,NO
relation,auth,instances,r,postgres,INSERT,NO
relation,auth,instances,r,postgres,REFERENCES,NO
relation,auth,instances,r,postgres,SELECT,YES
relation,auth,instances,r,postgres,TRIGGER,NO
relation,auth,instances,r,postgres,TRUNCATE,NO
relation,auth,instances,r,postgres,UPDATE,NO
relation,auth,mfa_amr_claims,r,postgres,DELETE,NO
relation,auth,mfa_amr_claims,r,postgres,INSERT,NO
relation,auth,mfa_amr_claims,r,postgres,REFERENCES,NO
relation,auth,mfa_amr_claims,r,postgres,SELECT,YES
relation,auth,mfa_amr_claims,r,postgres,TRIGGER,NO
relation,auth,mfa_amr_claims,r,postgres,TRUNCATE,NO
relation,auth,mfa_amr_claims,r,postgres,UPDATE,NO
relation,auth,mfa_challenges,r,postgres,DELETE,NO
relation,auth,mfa_challenges,r,postgres,INSERT,NO
relation,auth,mfa_challenges,r,postgres,REFERENCES,NO
relation,auth,mfa_challenges,r,postgres,SELECT,YES
relation,auth,mfa_challenges,r,postgres,TRIGGER,NO
relation,auth,mfa_challenges,r,postgres,TRUNCATE,NO
relation,auth,mfa_challenges,r,postgres,UPDATE,NO
relation,auth,mfa_factors,r,postgres,DELETE,NO
relation,auth,mfa_factors,r,postgres,INSERT,NO
relation,auth,mfa_factors,r,postgres,REFERENCES,NO
relation,auth,mfa_factors,r,postgres,SELECT,YES
relation,auth,mfa_factors,r,postgres,TRIGGER,NO
relation,auth,mfa_factors,r,postgres,TRUNCATE,NO
relation,auth,mfa_factors,r,postgres,UPDATE,NO
relation,auth,oauth_authorizations,r,postgres,DELETE,NO
relation,auth,oauth_authorizations,r,postgres,INSERT,NO
relation,auth,oauth_authorizations,r,postgres,REFERENCES,NO
relation,auth,oauth_authorizations,r,postgres,SELECT,NO
relation,auth,oauth_authorizations,r,postgres,TRIGGER,NO
relation,auth,oauth_authorizations,r,postgres,TRUNCATE,NO
relation,auth,oauth_authorizations,r,postgres,UPDATE,NO
relation,auth,oauth_client_states,r,postgres,DELETE,NO
relation,auth,oauth_client_states,r,postgres,INSERT,NO
relation,auth,oauth_client_states,r,postgres,REFERENCES,NO
relation,auth,oauth_client_states,r,postgres,SELECT,NO
relation,auth,oauth_client_states,r,postgres,TRIGGER,NO
relation,auth,oauth_client_states,r,postgres,TRUNCATE,NO
relation,auth,oauth_client_states,r,postgres,UPDATE,NO
relation,auth,oauth_clients,r,postgres,DELETE,NO
relation,auth,oauth_clients,r,postgres,INSERT,NO
relation,auth,oauth_clients,r,postgres,REFERENCES,NO
relation,auth,oauth_clients,r,postgres,SELECT,NO
relation,auth,oauth_clients,r,postgres,TRIGGER,NO
relation,auth,oauth_clients,r,postgres,TRUNCATE,NO
relation,auth,oauth_clients,r,postgres,UPDATE,NO
relation,auth,oauth_consents,r,postgres,DELETE,NO
relation,auth,oauth_consents,r,postgres,INSERT,NO
relation,auth,oauth_consents,r,postgres,REFERENCES,NO
relation,auth,oauth_consents,r,postgres,SELECT,NO
relation,auth,oauth_consents,r,postgres,TRIGGER,NO
relation,auth,oauth_consents,r,postgres,TRUNCATE,NO
relation,auth,oauth_consents,r,postgres,UPDATE,NO
relation,auth,one_time_tokens,r,postgres,DELETE,NO
relation,auth,one_time_tokens,r,postgres,INSERT,NO
relation,auth,one_time_tokens,r,postgres,REFERENCES,NO
relation,auth,one_time_tokens,r,postgres,SELECT,YES
relation,auth,one_time_tokens,r,postgres,TRIGGER,NO
relation,auth,one_time_tokens,r,postgres,TRUNCATE,NO
relation,auth,one_time_tokens,r,postgres,UPDATE,NO
relation,auth,refresh_tokens,r,postgres,DELETE,NO
relation,auth,refresh_tokens,r,postgres,INSERT,NO
relation,auth,refresh_tokens,r,postgres,REFERENCES,NO
relation,auth,refresh_tokens,r,postgres,SELECT,YES
relation,auth,refresh_tokens,r,postgres,TRIGGER,NO
relation,auth,refresh_tokens,r,postgres,TRUNCATE,NO
relation,auth,refresh_tokens,r,postgres,UPDATE,NO
relation,auth,saml_providers,r,postgres,DELETE,NO
relation,auth,saml_providers,r,postgres,INSERT,NO
relation,auth,saml_providers,r,postgres,REFERENCES,NO
relation,auth,saml_providers,r,postgres,SELECT,YES
relation,auth,saml_providers,r,postgres,TRIGGER,NO
relation,auth,saml_providers,r,postgres,TRUNCATE,NO
relation,auth,saml_providers,r,postgres,UPDATE,NO
relation,auth,saml_relay_states,r,postgres,DELETE,NO
relation,auth,saml_relay_states,r,postgres,INSERT,NO
relation,auth,saml_relay_states,r,postgres,REFERENCES,NO
relation,auth,saml_relay_states,r,postgres,SELECT,YES
relation,auth,saml_relay_states,r,postgres,TRIGGER,NO
relation,auth,saml_relay_states,r,postgres,TRUNCATE,NO
relation,auth,saml_relay_states,r,postgres,UPDATE,NO
relation,auth,schema_migrations,r,postgres,SELECT,YES
relation,auth,sessions,r,postgres,DELETE,NO
relation,auth,sessions,r,postgres,INSERT,NO
relation,auth,sessions,r,postgres,REFERENCES,NO
relation,auth,sessions,r,postgres,SELECT,YES
relation,auth,sessions,r,postgres,TRIGGER,NO
relation,auth,sessions,r,postgres,TRUNCATE,NO
relation,auth,sessions,r,postgres,UPDATE,NO
relation,auth,sso_domains,r,postgres,DELETE,NO
relation,auth,sso_domains,r,postgres,INSERT,NO
relation,auth,sso_domains,r,postgres,REFERENCES,NO
relation,auth,sso_domains,r,postgres,SELECT,YES
relation,auth,sso_domains,r,postgres,TRIGGER,NO
relation,auth,sso_domains,r,postgres,TRUNCATE,NO
relation,auth,sso_domains,r,postgres,UPDATE,NO
relation,auth,sso_providers,r,postgres,DELETE,NO
relation,auth,sso_providers,r,postgres,INSERT,NO
relation,auth,sso_providers,r,postgres,REFERENCES,NO
relation,auth,sso_providers,r,postgres,SELECT,YES
relation,auth,sso_providers,r,postgres,TRIGGER,NO
relation,auth,sso_providers,r,postgres,TRUNCATE,NO
relation,auth,sso_providers,r,postgres,UPDATE,NO
relation,auth,users,r,postgres,DELETE,NO
relation,auth,users,r,postgres,INSERT,NO
relation,auth,users,r,postgres,REFERENCES,NO
relation,auth,users,r,postgres,SELECT,YES
relation,auth,users,r,postgres,TRIGGER,NO
relation,auth,users,r,postgres,TRUNCATE,NO
relation,auth,users,r,postgres,UPDATE,NO
relation,extensions,pg_stat_statements,v,PUBLIC,SELECT,NO
relation,extensions,pg_stat_statements,v,postgres,DELETE,YES
relation,extensions,pg_stat_statements,v,postgres,INSERT,YES
relation,extensions,pg_stat_statements,v,postgres,REFERENCES,YES
relation,extensions,pg_stat_statements,v,postgres,SELECT,YES
relation,extensions,pg_stat_statements,v,postgres,TRIGGER,YES
relation,extensions,pg_stat_statements,v,postgres,TRUNCATE,YES
relation,extensions,pg_stat_statements,v,postgres,UPDATE,YES
relation,extensions,pg_stat_statements_info,v,PUBLIC,SELECT,NO
relation,extensions,pg_stat_statements_info,v,postgres,DELETE,YES
relation,extensions,pg_stat_statements_info,v,postgres,INSERT,YES
relation,extensions,pg_stat_statements_info,v,postgres,REFERENCES,YES
relation,extensions,pg_stat_statements_info,v,postgres,SELECT,YES
relation,extensions,pg_stat_statements_info,v,postgres,TRIGGER,YES
relation,extensions,pg_stat_statements_info,v,postgres,TRUNCATE,YES
relation,extensions,pg_stat_statements_info,v,postgres,UPDATE,YES
relation,net,_http_response,r,PUBLIC,DELETE,NO
relation,net,_http_response,r,PUBLIC,INSERT,NO
relation,net,_http_response,r,PUBLIC,REFERENCES,NO
relation,net,_http_response,r,PUBLIC,SELECT,NO
relation,net,_http_response,r,PUBLIC,TRIGGER,NO
relation,net,_http_response,r,PUBLIC,TRUNCATE,NO
relation,net,_http_response,r,PUBLIC,UPDATE,NO
relation,net,http_request_queue,r,PUBLIC,DELETE,NO
relation,net,http_request_queue,r,PUBLIC,INSERT,NO
relation,net,http_request_queue,r,PUBLIC,REFERENCES,NO
relation,net,http_request_queue,r,PUBLIC,SELECT,NO
relation,net,http_request_queue,r,PUBLIC,TRIGGER,NO
relation,net,http_request_queue,r,PUBLIC,TRUNCATE,NO
relation,net,http_request_queue,r,PUBLIC,UPDATE,NO
relation,public,admin_users,r,authenticated,SELECT,NO
relation,public,admin_users,r,postgres,DELETE,YES
relation,public,admin_users,r,postgres,INSERT,YES
relation,public,admin_users,r,postgres,REFERENCES,YES
relation,public,admin_users,r,postgres,SELECT,YES
relation,public,admin_users,r,postgres,TRIGGER,YES
relation,public,admin_users,r,postgres,TRUNCATE,YES
relation,public,admin_users,r,postgres,UPDATE,YES
relation,public,admin_users,r,service_role,DELETE,NO
relation,public,admin_users,r,service_role,INSERT,NO
relation,public,admin_users,r,service_role,REFERENCES,NO
relation,public,admin_users,r,service_role,SELECT,NO
relation,public,admin_users,r,service_role,TRIGGER,NO
relation,public,admin_users,r,service_role,TRUNCATE,NO
relation,public,admin_users,r,service_role,UPDATE,NO
relation,public,baits,r,anon,SELECT,NO
relation,public,baits,r,authenticated,SELECT,NO
relation,public,baits,r,postgres,DELETE,YES
relation,public,baits,r,postgres,INSERT,YES
relation,public,baits,r,postgres,REFERENCES,YES
relation,public,baits,r,postgres,SELECT,YES
relation,public,baits,r,postgres,TRIGGER,YES
relation,public,baits,r,postgres,TRUNCATE,YES
relation,public,baits,r,postgres,UPDATE,YES
relation,public,baits,r,service_role,DELETE,NO
relation,public,baits,r,service_role,INSERT,NO
relation,public,baits,r,service_role,REFERENCES,NO
relation,public,baits,r,service_role,SELECT,NO
relation,public,baits,r,service_role,TRIGGER,NO
relation,public,baits,r,service_role,TRUNCATE,NO
relation,public,baits,r,service_role,UPDATE,NO
relation,public,catch_comments,r,anon,SELECT,NO
relation,public,catch_comments,r,authenticated,SELECT,NO
relation,public,catch_comments,r,postgres,DELETE,YES
relation,public,catch_comments,r,postgres,INSERT,YES
relation,public,catch_comments,r,postgres,REFERENCES,YES
relation,public,catch_comments,r,postgres,SELECT,YES
relation,public,catch_comments,r,postgres,TRIGGER,YES
relation,public,catch_comments,r,postgres,TRUNCATE,YES
relation,public,catch_comments,r,postgres,UPDATE,YES
relation,public,catch_comments,r,service_role,DELETE,NO
relation,public,catch_comments,r,service_role,INSERT,NO
relation,public,catch_comments,r,service_role,REFERENCES,NO
relation,public,catch_comments,r,service_role,SELECT,NO
relation,public,catch_comments,r,service_role,TRIGGER,NO
relation,public,catch_comments,r,service_role,TRUNCATE,NO
relation,public,catch_comments,r,service_role,UPDATE,NO
relation,public,catch_comments_with_admin,v,authenticated,SELECT,NO
relation,public,catch_comments_with_admin,v,postgres,DELETE,YES
relation,public,catch_comments_with_admin,v,postgres,INSERT,YES
relation,public,catch_comments_with_admin,v,postgres,REFERENCES,YES
relation,public,catch_comments_with_admin,v,postgres,SELECT,YES
relation,public,catch_comments_with_admin,v,postgres,TRIGGER,YES
relation,public,catch_comments_with_admin,v,postgres,TRUNCATE,YES
relation,public,catch_comments_with_admin,v,postgres,UPDATE,YES
relation,public,catch_comments_with_admin,v,service_role,DELETE,NO
relation,public,catch_comments_with_admin,v,service_role,INSERT,NO
relation,public,catch_comments_with_admin,v,service_role,REFERENCES,NO
relation,public,catch_comments_with_admin,v,service_role,SELECT,NO
relation,public,catch_comments_with_admin,v,service_role,TRIGGER,NO
relation,public,catch_comments_with_admin,v,service_role,TRUNCATE,NO
relation,public,catch_comments_with_admin,v,service_role,UPDATE,NO
relation,public,catch_leaderboard_scores,r,anon,SELECT,NO
relation,public,catch_leaderboard_scores,r,authenticated,DELETE,NO
relation,public,catch_leaderboard_scores,r,authenticated,INSERT,NO
relation,public,catch_leaderboard_scores,r,authenticated,SELECT,NO
relation,public,catch_leaderboard_scores,r,authenticated,UPDATE,NO
relation,public,catch_leaderboard_scores,r,postgres,DELETE,YES
relation,public,catch_leaderboard_scores,r,postgres,INSERT,YES
relation,public,catch_leaderboard_scores,r,postgres,REFERENCES,YES
relation,public,catch_leaderboard_scores,r,postgres,SELECT,YES
relation,public,catch_leaderboard_scores,r,postgres,TRIGGER,YES
relation,public,catch_leaderboard_scores,r,postgres,TRUNCATE,YES
relation,public,catch_leaderboard_scores,r,postgres,UPDATE,YES
relation,public,catch_leaderboard_scores,r,service_role,DELETE,NO
relation,public,catch_leaderboard_scores,r,service_role,INSERT,NO
relation,public,catch_leaderboard_scores,r,service_role,REFERENCES,NO
relation,public,catch_leaderboard_scores,r,service_role,SELECT,NO
relation,public,catch_leaderboard_scores,r,service_role,TRIGGER,NO
relation,public,catch_leaderboard_scores,r,service_role,TRUNCATE,NO
relation,public,catch_leaderboard_scores,r,service_role,UPDATE,NO
relation,public,catch_mention_candidates,v,authenticated,SELECT,NO
relation,public,catch_mention_candidates,v,postgres,DELETE,YES
relation,public,catch_mention_candidates,v,postgres,INSERT,YES
relation,public,catch_mention_candidates,v,postgres,REFERENCES,YES
relation,public,catch_mention_candidates,v,postgres,SELECT,YES
relation,public,catch_mention_candidates,v,postgres,TRIGGER,YES
relation,public,catch_mention_candidates,v,postgres,TRUNCATE,YES
relation,public,catch_mention_candidates,v,postgres,UPDATE,YES
relation,public,catch_mention_candidates,v,service_role,DELETE,NO
relation,public,catch_mention_candidates,v,service_role,INSERT,NO
relation,public,catch_mention_candidates,v,service_role,REFERENCES,NO
relation,public,catch_mention_candidates,v,service_role,SELECT,NO
relation,public,catch_mention_candidates,v,service_role,TRIGGER,NO
relation,public,catch_mention_candidates,v,service_role,TRUNCATE,NO
relation,public,catch_mention_candidates,v,service_role,UPDATE,NO
relation,public,catch_rating_stats,r,anon,SELECT,NO
relation,public,catch_rating_stats,r,authenticated,DELETE,NO
relation,public,catch_rating_stats,r,authenticated,INSERT,NO
relation,public,catch_rating_stats,r,authenticated,SELECT,NO
relation,public,catch_rating_stats,r,authenticated,UPDATE,NO
relation,public,catch_rating_stats,r,postgres,DELETE,YES
relation,public,catch_rating_stats,r,postgres,INSERT,YES
relation,public,catch_rating_stats,r,postgres,REFERENCES,YES
relation,public,catch_rating_stats,r,postgres,SELECT,YES
relation,public,catch_rating_stats,r,postgres,TRIGGER,YES
relation,public,catch_rating_stats,r,postgres,TRUNCATE,YES
relation,public,catch_rating_stats,r,postgres,UPDATE,YES
relation,public,catch_rating_stats,r,service_role,DELETE,NO
relation,public,catch_rating_stats,r,service_role,INSERT,NO
relation,public,catch_rating_stats,r,service_role,REFERENCES,NO
relation,public,catch_rating_stats,r,service_role,SELECT,NO
relation,public,catch_rating_stats,r,service_role,TRIGGER,NO
relation,public,catch_rating_stats,r,service_role,TRUNCATE,NO
relation,public,catch_rating_stats,r,service_role,UPDATE,NO
relation,public,catch_reactions,r,anon,SELECT,NO
relation,public,catch_reactions,r,authenticated,DELETE,NO
relation,public,catch_reactions,r,authenticated,SELECT,NO
relation,public,catch_reactions,r,postgres,DELETE,YES
relation,public,catch_reactions,r,postgres,INSERT,YES
relation,public,catch_reactions,r,postgres,REFERENCES,YES
relation,public,catch_reactions,r,postgres,SELECT,YES
relation,public,catch_reactions,r,postgres,TRIGGER,YES
relation,public,catch_reactions,r,postgres,TRUNCATE,YES
relation,public,catch_reactions,r,postgres,UPDATE,YES
relation,public,catch_reactions,r,service_role,DELETE,NO
relation,public,catch_reactions,r,service_role,INSERT,NO
relation,public,catch_reactions,r,service_role,REFERENCES,NO
relation,public,catch_reactions,r,service_role,SELECT,NO
relation,public,catch_reactions,r,service_role,TRIGGER,NO
relation,public,catch_reactions,r,service_role,TRUNCATE,NO
relation,public,catch_reactions,r,service_role,UPDATE,NO
relation,public,catches,r,anon,SELECT,NO
relation,public,catches,r,authenticated,DELETE,NO
relation,public,catches,r,authenticated,INSERT,NO
relation,public,catches,r,authenticated,SELECT,NO
relation,public,catches,r,authenticated,UPDATE,NO
relation,public,catches,r,postgres,DELETE,YES
relation,public,catches,r,postgres,INSERT,YES
relation,public,catches,r,postgres,REFERENCES,YES
relation,public,catches,r,postgres,SELECT,YES
relation,public,catches,r,postgres,TRIGGER,YES
relation,public,catches,r,postgres,TRUNCATE,YES
relation,public,catches,r,postgres,UPDATE,YES
relation,public,catches,r,service_role,DELETE,NO
relation,public,catches,r,service_role,INSERT,NO
relation,public,catches,r,service_role,REFERENCES,NO
relation,public,catches,r,service_role,SELECT,NO
relation,public,catches,r,service_role,TRIGGER,NO
relation,public,catches,r,service_role,TRUNCATE,NO
relation,public,catches,r,service_role,UPDATE,NO
relation,public,community_stats_live,r,postgres,DELETE,YES
relation,public,community_stats_live,r,postgres,INSERT,YES
relation,public,community_stats_live,r,postgres,REFERENCES,YES
relation,public,community_stats_live,r,postgres,SELECT,YES
relation,public,community_stats_live,r,postgres,TRIGGER,YES
relation,public,community_stats_live,r,postgres,TRUNCATE,YES
relation,public,community_stats_live,r,postgres,UPDATE,YES
relation,public,community_stats_live,r,service_role,DELETE,NO
relation,public,community_stats_live,r,service_role,INSERT,NO
relation,public,community_stats_live,r,service_role,REFERENCES,NO
relation,public,community_stats_live,r,service_role,SELECT,NO
relation,public,community_stats_live,r,service_role,TRIGGER,NO
relation,public,community_stats_live,r,service_role,TRUNCATE,NO
relation,public,community_stats_live,r,service_role,UPDATE,NO
relation,public,community_stats_users,r,postgres,DELETE,YES
relation,public,community_stats_users,r,postgres,INSERT,YES
relation,public,community_stats_users,r,postgres,REFERENCES,YES
relation,public,community_stats_users,r,postgres,SELECT,YES
relation,public,community_stats_users,r,postgres,TRIGGER,YES
relation,public,community_stats_users,r,postgres,TRUNCATE,YES
relation,public,community_stats_users,r,postgres,UPDATE,YES
relation,public,community_stats_users,r,service_role,DELETE,NO
relation,public,community_stats_users,r,service_role,INSERT,NO
relation,public,community_stats_users,r,service_role,REFERENCES,NO
relation,public,community_stats_users,r,service_role,SELECT,NO
relation,public,community_stats_users,r,service_role,TRIGGER,NO
relation,public,community_stats_users,r,service_role,TRUNCATE,NO
relation,public,community_stats_users,r,service_role,UPDATE,NO
relation,public,community_stats_waterways,r,postgres,DELETE,YES
relation,public,community_stats_waterways,r,postgres,INSERT,YES
relation,public,community_stats_waterways,r,postgres,REFERENCES,YES
relation,public,community_stats_waterways,r,postgres,SELECT,YES
relation,public,community_stats_waterways,r,postgres,TRIGGER,YES
relation,public,community_stats_waterways,r,postgres,TRUNCATE,YES
relation,public,community_stats_waterways,r,postgres,UPDATE,YES
relation,public,community_stats_waterways,r,service_role,DELETE,NO
relation,public,community_stats_waterways,r,service_role,INSERT,NO
relation,public,community_stats_waterways,r,service_role,REFERENCES,NO
relation,public,community_stats_waterways,r,service_role,SELECT,NO
relation,public,community_stats_waterways,r,service_role,TRIGGER,NO
relation,public,community_stats_waterways,r,service_role,TRUNCATE,NO
relation,public,community_stats_waterways,r,service_role,UPDATE,NO
relation,public,leaderboard_scores_detailed,v,anon,SELECT,NO
relation,public,leaderboard_scores_detailed,v,authenticated,SELECT,NO
relation,public,leaderboard_scores_detailed,v,postgres,DELETE,YES
relation,public,leaderboard_scores_detailed,v,postgres,INSERT,YES
relation,public,leaderboard_scores_detailed,v,postgres,REFERENCES,YES
relation,public,leaderboard_scores_detailed,v,postgres,SELECT,YES
relation,public,leaderboard_scores_detailed,v,postgres,TRIGGER,YES
relation,public,leaderboard_scores_detailed,v,postgres,TRUNCATE,YES
relation,public,leaderboard_scores_detailed,v,postgres,UPDATE,YES
relation,public,leaderboard_scores_detailed,v,service_role,DELETE,NO
relation,public,leaderboard_scores_detailed,v,service_role,INSERT,NO
relation,public,leaderboard_scores_detailed,v,service_role,REFERENCES,NO
relation,public,leaderboard_scores_detailed,v,service_role,SELECT,NO
relation,public,leaderboard_scores_detailed,v,service_role,TRIGGER,NO
relation,public,leaderboard_scores_detailed,v,service_role,TRUNCATE,NO
relation,public,leaderboard_scores_detailed,v,service_role,UPDATE,NO
relation,public,moderation_log,r,authenticated,SELECT,NO
relation,public,moderation_log,r,postgres,DELETE,YES
relation,public,moderation_log,r,postgres,INSERT,YES
relation,public,moderation_log,r,postgres,REFERENCES,YES
relation,public,moderation_log,r,postgres,SELECT,YES
relation,public,moderation_log,r,postgres,TRIGGER,YES
relation,public,moderation_log,r,postgres,TRUNCATE,YES
relation,public,moderation_log,r,postgres,UPDATE,YES
relation,public,moderation_log,r,service_role,DELETE,NO
relation,public,moderation_log,r,service_role,INSERT,NO
relation,public,moderation_log,r,service_role,REFERENCES,NO
relation,public,moderation_log,r,service_role,SELECT,NO
relation,public,moderation_log,r,service_role,TRIGGER,NO
relation,public,moderation_log,r,service_role,TRUNCATE,NO
relation,public,moderation_log,r,service_role,UPDATE,NO
relation,public,notifications,r,authenticated,DELETE,NO
relation,public,notifications,r,authenticated,SELECT,NO
relation,public,notifications,r,authenticated,UPDATE,NO
relation,public,notifications,r,postgres,DELETE,YES
relation,public,notifications,r,postgres,INSERT,YES
relation,public,notifications,r,postgres,REFERENCES,YES
relation,public,notifications,r,postgres,SELECT,YES
relation,public,notifications,r,postgres,TRIGGER,YES
relation,public,notifications,r,postgres,TRUNCATE,YES
relation,public,notifications,r,postgres,UPDATE,YES
relation,public,notifications,r,service_role,DELETE,NO
relation,public,notifications,r,service_role,INSERT,NO
relation,public,notifications,r,service_role,REFERENCES,NO
relation,public,notifications,r,service_role,SELECT,NO
relation,public,notifications,r,service_role,TRIGGER,NO
relation,public,notifications,r,service_role,TRUNCATE,NO
relation,public,notifications,r,service_role,UPDATE,NO
relation,public,profile_blocks,r,authenticated,SELECT,NO
relation,public,profile_blocks,r,postgres,DELETE,YES
relation,public,profile_blocks,r,postgres,INSERT,YES
relation,public,profile_blocks,r,postgres,REFERENCES,YES
relation,public,profile_blocks,r,postgres,SELECT,YES
relation,public,profile_blocks,r,postgres,TRIGGER,YES
relation,public,profile_blocks,r,postgres,TRUNCATE,YES
relation,public,profile_blocks,r,postgres,UPDATE,YES
relation,public,profile_blocks,r,service_role,DELETE,NO
relation,public,profile_blocks,r,service_role,INSERT,NO
relation,public,profile_blocks,r,service_role,REFERENCES,NO
relation,public,profile_blocks,r,service_role,SELECT,NO
relation,public,profile_blocks,r,service_role,TRIGGER,NO
relation,public,profile_blocks,r,service_role,TRUNCATE,NO
relation,public,profile_blocks,r,service_role,UPDATE,NO
relation,public,profile_follows,r,anon,SELECT,NO
relation,public,profile_follows,r,authenticated,DELETE,NO
relation,public,profile_follows,r,authenticated,SELECT,NO
relation,public,profile_follows,r,postgres,DELETE,YES
relation,public,profile_follows,r,postgres,INSERT,YES
relation,public,profile_follows,r,postgres,REFERENCES,YES
relation,public,profile_follows,r,postgres,SELECT,YES
relation,public,profile_follows,r,postgres,TRIGGER,YES
relation,public,profile_follows,r,postgres,TRUNCATE,YES
relation,public,profile_follows,r,postgres,UPDATE,YES
relation,public,profile_follows,r,service_role,DELETE,NO
relation,public,profile_follows,r,service_role,INSERT,NO
relation,public,profile_follows,r,service_role,REFERENCES,NO
relation,public,profile_follows,r,service_role,SELECT,NO
relation,public,profile_follows,r,service_role,TRIGGER,NO
relation,public,profile_follows,r,service_role,TRUNCATE,NO
relation,public,profile_follows,r,service_role,UPDATE,NO
relation,public,profiles,r,authenticated,SELECT,NO
relation,public,profiles,r,authenticated,UPDATE,NO
relation,public,profiles,r,postgres,DELETE,YES
relation,public,profiles,r,postgres,INSERT,YES
relation,public,profiles,r,postgres,REFERENCES,YES
relation,public,profiles,r,postgres,SELECT,YES
relation,public,profiles,r,postgres,TRIGGER,YES
relation,public,profiles,r,postgres,TRUNCATE,YES
relation,public,profiles,r,postgres,UPDATE,YES
relation,public,profiles,r,service_role,DELETE,NO
relation,public,profiles,r,service_role,INSERT,NO
relation,public,profiles,r,service_role,REFERENCES,NO
relation,public,profiles,r,service_role,SELECT,NO
relation,public,profiles,r,service_role,TRIGGER,NO
relation,public,profiles,r,service_role,TRUNCATE,NO
relation,public,profiles,r,service_role,UPDATE,NO
relation,public,rate_limits,r,postgres,DELETE,YES
relation,public,rate_limits,r,postgres,INSERT,YES
relation,public,rate_limits,r,postgres,REFERENCES,YES
relation,public,rate_limits,r,postgres,SELECT,YES
relation,public,rate_limits,r,postgres,TRIGGER,YES
relation,public,rate_limits,r,postgres,TRUNCATE,YES
relation,public,rate_limits,r,postgres,UPDATE,YES
relation,public,rate_limits,r,service_role,DELETE,NO
relation,public,rate_limits,r,service_role,INSERT,NO
relation,public,rate_limits,r,service_role,REFERENCES,NO
relation,public,rate_limits,r,service_role,SELECT,NO
relation,public,rate_limits,r,service_role,TRIGGER,NO
relation,public,rate_limits,r,service_role,TRUNCATE,NO
relation,public,rate_limits,r,service_role,UPDATE,NO
relation,public,ratings,r,anon,SELECT,NO
relation,public,ratings,r,authenticated,DELETE,NO
relation,public,ratings,r,authenticated,INSERT,NO
relation,public,ratings,r,authenticated,SELECT,NO
relation,public,ratings,r,authenticated,UPDATE,NO
relation,public,ratings,r,postgres,DELETE,YES
relation,public,ratings,r,postgres,INSERT,YES
relation,public,ratings,r,postgres,REFERENCES,YES
relation,public,ratings,r,postgres,SELECT,YES
relation,public,ratings,r,postgres,TRIGGER,YES
relation,public,ratings,r,postgres,TRUNCATE,YES
relation,public,ratings,r,postgres,UPDATE,YES
relation,public,ratings,r,service_role,DELETE,NO
relation,public,ratings,r,service_role,INSERT,NO
relation,public,ratings,r,service_role,REFERENCES,NO
relation,public,ratings,r,service_role,SELECT,NO
relation,public,ratings,r,service_role,TRIGGER,NO
relation,public,ratings,r,service_role,TRUNCATE,NO
relation,public,ratings,r,service_role,UPDATE,NO
relation,public,reports,r,anon,SELECT,NO
relation,public,reports,r,authenticated,DELETE,NO
relation,public,reports,r,authenticated,INSERT,NO
relation,public,reports,r,authenticated,SELECT,NO
relation,public,reports,r,authenticated,UPDATE,NO
relation,public,reports,r,postgres,DELETE,YES
relation,public,reports,r,postgres,INSERT,YES
relation,public,reports,r,postgres,REFERENCES,YES
relation,public,reports,r,postgres,SELECT,YES
relation,public,reports,r,postgres,TRIGGER,YES
relation,public,reports,r,postgres,TRUNCATE,YES
relation,public,reports,r,postgres,UPDATE,YES
relation,public,reports,r,service_role,DELETE,NO
relation,public,reports,r,service_role,INSERT,NO
relation,public,reports,r,service_role,REFERENCES,NO
relation,public,reports,r,service_role,SELECT,NO
relation,public,reports,r,service_role,TRIGGER,NO
relation,public,reports,r,service_role,TRUNCATE,NO
relation,public,reports,r,service_role,UPDATE,NO
relation,public,sessions,r,anon,SELECT,NO
relation,public,sessions,r,authenticated,DELETE,NO
relation,public,sessions,r,authenticated,INSERT,NO
relation,public,sessions,r,authenticated,SELECT,NO
relation,public,sessions,r,authenticated,UPDATE,NO
relation,public,sessions,r,postgres,DELETE,YES
relation,public,sessions,r,postgres,INSERT,YES
relation,public,sessions,r,postgres,REFERENCES,YES
relation,public,sessions,r,postgres,SELECT,YES
relation,public,sessions,r,postgres,TRIGGER,YES
relation,public,sessions,r,postgres,TRUNCATE,YES
relation,public,sessions,r,postgres,UPDATE,YES
relation,public,sessions,r,service_role,DELETE,NO
relation,public,sessions,r,service_role,INSERT,NO
relation,public,sessions,r,service_role,REFERENCES,NO
relation,public,sessions,r,service_role,SELECT,NO
relation,public,sessions,r,service_role,TRIGGER,NO
relation,public,sessions,r,service_role,TRUNCATE,NO
relation,public,sessions,r,service_role,UPDATE,NO
relation,public,species,r,anon,SELECT,NO
relation,public,species,r,authenticated,SELECT,NO
relation,public,species,r,postgres,DELETE,YES
relation,public,species,r,postgres,INSERT,YES
relation,public,species,r,postgres,REFERENCES,YES
relation,public,species,r,postgres,SELECT,YES
relation,public,species,r,postgres,TRIGGER,YES
relation,public,species,r,postgres,TRUNCATE,YES
relation,public,species,r,postgres,UPDATE,YES
relation,public,species,r,service_role,DELETE,NO
relation,public,species,r,service_role,INSERT,NO
relation,public,species,r,service_role,REFERENCES,NO
relation,public,species,r,service_role,SELECT,NO
relation,public,species,r,service_role,TRIGGER,NO
relation,public,species,r,service_role,TRUNCATE,NO
relation,public,species,r,service_role,UPDATE,NO
relation,public,tags,r,anon,SELECT,NO
relation,public,tags,r,authenticated,SELECT,NO
relation,public,tags,r,postgres,DELETE,YES
relation,public,tags,r,postgres,INSERT,YES
relation,public,tags,r,postgres,REFERENCES,YES
relation,public,tags,r,postgres,SELECT,YES
relation,public,tags,r,postgres,TRIGGER,YES
relation,public,tags,r,postgres,TRUNCATE,YES
relation,public,tags,r,postgres,UPDATE,YES
relation,public,tags,r,service_role,DELETE,NO
relation,public,tags,r,service_role,INSERT,NO
relation,public,tags,r,service_role,REFERENCES,NO
relation,public,tags,r,service_role,SELECT,NO
relation,public,tags,r,service_role,TRIGGER,NO
relation,public,tags,r,service_role,TRUNCATE,NO
relation,public,tags,r,service_role,UPDATE,NO
relation,public,user_warnings,r,authenticated,SELECT,NO
relation,public,user_warnings,r,postgres,DELETE,YES
relation,public,user_warnings,r,postgres,INSERT,YES
relation,public,user_warnings,r,postgres,REFERENCES,YES
relation,public,user_warnings,r,postgres,SELECT,YES
relation,public,user_warnings,r,postgres,TRIGGER,YES
relation,public,user_warnings,r,postgres,TRUNCATE,YES
relation,public,user_warnings,r,postgres,UPDATE,YES
relation,public,user_warnings,r,service_role,DELETE,NO
relation,public,user_warnings,r,service_role,INSERT,NO
relation,public,user_warnings,r,service_role,REFERENCES,NO
relation,public,user_warnings,r,service_role,SELECT,NO
relation,public,user_warnings,r,service_role,TRIGGER,NO
relation,public,user_warnings,r,service_role,TRUNCATE,NO
relation,public,user_warnings,r,service_role,UPDATE,NO
relation,public,venue_events,r,anon,SELECT,NO
relation,public,venue_events,r,authenticated,SELECT,NO
relation,public,venue_events,r,postgres,DELETE,YES
relation,public,venue_events,r,postgres,INSERT,YES
relation,public,venue_events,r,postgres,REFERENCES,YES
relation,public,venue_events,r,postgres,SELECT,YES
relation,public,venue_events,r,postgres,TRIGGER,YES
relation,public,venue_events,r,postgres,TRUNCATE,YES
relation,public,venue_events,r,postgres,UPDATE,YES
relation,public,venue_events,r,service_role,DELETE,NO
relation,public,venue_events,r,service_role,INSERT,NO
relation,public,venue_events,r,service_role,REFERENCES,NO
relation,public,venue_events,r,service_role,SELECT,NO
relation,public,venue_events,r,service_role,TRIGGER,NO
relation,public,venue_events,r,service_role,TRUNCATE,NO
relation,public,venue_events,r,service_role,UPDATE,NO
relation,public,venue_opening_hours,r,anon,SELECT,NO
relation,public,venue_opening_hours,r,authenticated,SELECT,NO
relation,public,venue_opening_hours,r,postgres,DELETE,YES
relation,public,venue_opening_hours,r,postgres,INSERT,YES
relation,public,venue_opening_hours,r,postgres,REFERENCES,YES
relation,public,venue_opening_hours,r,postgres,SELECT,YES
relation,public,venue_opening_hours,r,postgres,TRIGGER,YES
relation,public,venue_opening_hours,r,postgres,TRUNCATE,YES
relation,public,venue_opening_hours,r,postgres,UPDATE,YES
relation,public,venue_opening_hours,r,service_role,DELETE,NO
relation,public,venue_opening_hours,r,service_role,INSERT,NO
relation,public,venue_opening_hours,r,service_role,REFERENCES,NO
relation,public,venue_opening_hours,r,service_role,SELECT,NO
relation,public,venue_opening_hours,r,service_role,TRIGGER,NO
relation,public,venue_opening_hours,r,service_role,TRUNCATE,NO
relation,public,venue_opening_hours,r,service_role,UPDATE,NO
relation,public,venue_owners,r,anon,SELECT,NO
relation,public,venue_owners,r,authenticated,SELECT,NO
relation,public,venue_owners,r,postgres,DELETE,YES
relation,public,venue_owners,r,postgres,INSERT,YES
relation,public,venue_owners,r,postgres,REFERENCES,YES
relation,public,venue_owners,r,postgres,SELECT,YES
relation,public,venue_owners,r,postgres,TRIGGER,YES
relation,public,venue_owners,r,postgres,TRUNCATE,YES
relation,public,venue_owners,r,postgres,UPDATE,YES
relation,public,venue_owners,r,service_role,DELETE,NO
relation,public,venue_owners,r,service_role,INSERT,NO
relation,public,venue_owners,r,service_role,REFERENCES,NO
relation,public,venue_owners,r,service_role,SELECT,NO
relation,public,venue_owners,r,service_role,TRIGGER,NO
relation,public,venue_owners,r,service_role,TRUNCATE,NO
relation,public,venue_owners,r,service_role,UPDATE,NO
relation,public,venue_photos,r,anon,SELECT,NO
relation,public,venue_photos,r,authenticated,SELECT,NO
relation,public,venue_photos,r,postgres,DELETE,YES
relation,public,venue_photos,r,postgres,INSERT,YES
relation,public,venue_photos,r,postgres,REFERENCES,YES
relation,public,venue_photos,r,postgres,SELECT,YES
relation,public,venue_photos,r,postgres,TRIGGER,YES
relation,public,venue_photos,r,postgres,TRUNCATE,YES
relation,public,venue_photos,r,postgres,UPDATE,YES
relation,public,venue_photos,r,service_role,DELETE,NO
relation,public,venue_photos,r,service_role,INSERT,NO
relation,public,venue_photos,r,service_role,REFERENCES,NO
relation,public,venue_photos,r,service_role,SELECT,NO
relation,public,venue_photos,r,service_role,TRIGGER,NO
relation,public,venue_photos,r,service_role,TRUNCATE,NO
relation,public,venue_photos,r,service_role,UPDATE,NO
relation,public,venue_pricing_tiers,r,anon,SELECT,NO
relation,public,venue_pricing_tiers,r,authenticated,SELECT,NO
relation,public,venue_pricing_tiers,r,postgres,DELETE,YES
relation,public,venue_pricing_tiers,r,postgres,INSERT,YES
relation,public,venue_pricing_tiers,r,postgres,REFERENCES,YES
relation,public,venue_pricing_tiers,r,postgres,SELECT,YES
relation,public,venue_pricing_tiers,r,postgres,TRIGGER,YES
relation,public,venue_pricing_tiers,r,postgres,TRUNCATE,YES
relation,public,venue_pricing_tiers,r,postgres,UPDATE,YES
relation,public,venue_pricing_tiers,r,service_role,DELETE,NO
relation,public,venue_pricing_tiers,r,service_role,INSERT,NO
relation,public,venue_pricing_tiers,r,service_role,REFERENCES,NO
relation,public,venue_pricing_tiers,r,service_role,SELECT,NO
relation,public,venue_pricing_tiers,r,service_role,TRIGGER,NO
relation,public,venue_pricing_tiers,r,service_role,TRUNCATE,NO
relation,public,venue_pricing_tiers,r,service_role,UPDATE,NO
relation,public,venue_ratings,r,anon,SELECT,NO
relation,public,venue_ratings,r,authenticated,DELETE,NO
relation,public,venue_ratings,r,authenticated,INSERT,NO
relation,public,venue_ratings,r,authenticated,SELECT,NO
relation,public,venue_ratings,r,authenticated,UPDATE,NO
relation,public,venue_ratings,r,postgres,DELETE,YES
relation,public,venue_ratings,r,postgres,INSERT,YES
relation,public,venue_ratings,r,postgres,REFERENCES,YES
relation,public,venue_ratings,r,postgres,SELECT,YES
relation,public,venue_ratings,r,postgres,TRIGGER,YES
relation,public,venue_ratings,r,postgres,TRUNCATE,YES
relation,public,venue_ratings,r,postgres,UPDATE,YES
relation,public,venue_ratings,r,service_role,DELETE,NO
relation,public,venue_ratings,r,service_role,INSERT,NO
relation,public,venue_ratings,r,service_role,REFERENCES,NO
relation,public,venue_ratings,r,service_role,SELECT,NO
relation,public,venue_ratings,r,service_role,TRIGGER,NO
relation,public,venue_ratings,r,service_role,TRUNCATE,NO
relation,public,venue_ratings,r,service_role,UPDATE,NO
relation,public,venue_rules,r,anon,SELECT,NO
relation,public,venue_rules,r,authenticated,SELECT,NO
relation,public,venue_rules,r,postgres,DELETE,YES
relation,public,venue_rules,r,postgres,INSERT,YES
relation,public,venue_rules,r,postgres,REFERENCES,YES
relation,public,venue_rules,r,postgres,SELECT,YES
relation,public,venue_rules,r,postgres,TRIGGER,YES
relation,public,venue_rules,r,postgres,TRUNCATE,YES
relation,public,venue_rules,r,postgres,UPDATE,YES
relation,public,venue_rules,r,service_role,DELETE,NO
relation,public,venue_rules,r,service_role,INSERT,NO
relation,public,venue_rules,r,service_role,REFERENCES,NO
relation,public,venue_rules,r,service_role,SELECT,NO
relation,public,venue_rules,r,service_role,TRIGGER,NO
relation,public,venue_rules,r,service_role,TRUNCATE,NO
relation,public,venue_rules,r,service_role,UPDATE,NO
relation,public,venue_species_stock,r,anon,SELECT,NO
relation,public,venue_species_stock,r,authenticated,SELECT,NO
relation,public,venue_species_stock,r,postgres,DELETE,YES
relation,public,venue_species_stock,r,postgres,INSERT,YES
relation,public,venue_species_stock,r,postgres,REFERENCES,YES
relation,public,venue_species_stock,r,postgres,SELECT,YES
relation,public,venue_species_stock,r,postgres,TRIGGER,YES
relation,public,venue_species_stock,r,postgres,TRUNCATE,YES
relation,public,venue_species_stock,r,postgres,UPDATE,YES
relation,public,venue_species_stock,r,service_role,DELETE,NO
relation,public,venue_species_stock,r,service_role,INSERT,NO
relation,public,venue_species_stock,r,service_role,REFERENCES,NO
relation,public,venue_species_stock,r,service_role,SELECT,NO
relation,public,venue_species_stock,r,service_role,TRIGGER,NO
relation,public,venue_species_stock,r,service_role,TRUNCATE,NO
relation,public,venue_species_stock,r,service_role,UPDATE,NO
relation,public,venue_stats,v,authenticated,SELECT,NO
relation,public,venue_stats,v,postgres,DELETE,YES
relation,public,venue_stats,v,postgres,INSERT,YES
relation,public,venue_stats,v,postgres,REFERENCES,YES
relation,public,venue_stats,v,postgres,SELECT,YES
relation,public,venue_stats,v,postgres,TRIGGER,YES
relation,public,venue_stats,v,postgres,TRUNCATE,YES
relation,public,venue_stats,v,postgres,UPDATE,YES
relation,public,venue_stats,v,service_role,DELETE,NO
relation,public,venue_stats,v,service_role,INSERT,NO
relation,public,venue_stats,v,service_role,REFERENCES,NO
relation,public,venue_stats,v,service_role,SELECT,NO
relation,public,venue_stats,v,service_role,TRIGGER,NO
relation,public,venue_stats,v,service_role,TRUNCATE,NO
relation,public,venue_stats,v,service_role,UPDATE,NO
relation,public,venue_stats_public,v,anon,SELECT,NO
relation,public,venue_stats_public,v,authenticated,SELECT,NO
relation,public,venue_stats_public,v,postgres,DELETE,YES
relation,public,venue_stats_public,v,postgres,INSERT,YES
relation,public,venue_stats_public,v,postgres,REFERENCES,YES
relation,public,venue_stats_public,v,postgres,SELECT,YES
relation,public,venue_stats_public,v,postgres,TRIGGER,YES
relation,public,venue_stats_public,v,postgres,TRUNCATE,YES
relation,public,venue_stats_public,v,postgres,UPDATE,YES
relation,public,venue_stats_public,v,service_role,DELETE,NO
relation,public,venue_stats_public,v,service_role,INSERT,NO
relation,public,venue_stats_public,v,service_role,REFERENCES,NO
relation,public,venue_stats_public,v,service_role,SELECT,NO
relation,public,venue_stats_public,v,service_role,TRIGGER,NO
relation,public,venue_stats_public,v,service_role,TRUNCATE,NO
relation,public,venue_stats_public,v,service_role,UPDATE,NO
relation,public,venues,r,anon,SELECT,NO
relation,public,venues,r,authenticated,SELECT,NO
relation,public,venues,r,postgres,DELETE,YES
relation,public,venues,r,postgres,INSERT,YES
relation,public,venues,r,postgres,REFERENCES,YES
relation,public,venues,r,postgres,SELECT,YES
relation,public,venues,r,postgres,TRIGGER,YES
relation,public,venues,r,postgres,TRUNCATE,YES
relation,public,venues,r,postgres,UPDATE,YES
relation,public,venues,r,service_role,DELETE,NO
relation,public,venues,r,service_role,INSERT,NO
relation,public,venues,r,service_role,REFERENCES,NO
relation,public,venues,r,service_role,SELECT,NO
relation,public,venues,r,service_role,TRIGGER,NO
relation,public,venues,r,service_role,TRUNCATE,NO
relation,public,venues,r,service_role,UPDATE,NO
relation,public,water_types,r,anon,SELECT,NO
relation,public,water_types,r,authenticated,SELECT,NO
relation,public,water_types,r,postgres,DELETE,YES
relation,public,water_types,r,postgres,INSERT,YES
relation,public,water_types,r,postgres,REFERENCES,YES
relation,public,water_types,r,postgres,SELECT,YES
relation,public,water_types,r,postgres,TRIGGER,YES
relation,public,water_types,r,postgres,TRUNCATE,YES
relation,public,water_types,r,postgres,UPDATE,YES
relation,public,water_types,r,service_role,DELETE,NO
relation,public,water_types,r,service_role,INSERT,NO
relation,public,water_types,r,service_role,REFERENCES,NO
relation,public,water_types,r,service_role,SELECT,NO
relation,public,water_types,r,service_role,TRIGGER,NO
relation,public,water_types,r,service_role,TRUNCATE,NO
relation,public,water_types,r,service_role,UPDATE,NO
relation,realtime,messages,p,anon,INSERT,NO
relation,realtime,messages,p,anon,SELECT,NO
relation,realtime,messages,p,anon,UPDATE,NO
relation,realtime,messages,p,authenticated,INSERT,NO
relation,realtime,messages,p,authenticated,SELECT,NO
relation,realtime,messages,p,authenticated,UPDATE,NO
relation,realtime,messages,p,postgres,DELETE,YES
relation,realtime,messages,p,postgres,INSERT,YES
relation,realtime,messages,p,postgres,REFERENCES,YES
relation,realtime,messages,p,postgres,SELECT,YES
relation,realtime,messages,p,postgres,TRIGGER,YES
relation,realtime,messages,p,postgres,TRUNCATE,YES
relation,realtime,messages,p,postgres,UPDATE,YES
relation,realtime,messages,p,service_role,INSERT,NO
relation,realtime,messages,p,service_role,SELECT,NO
relation,realtime,messages,p,service_role,UPDATE,NO
relation,realtime,messages_2026_01_13,r,postgres,DELETE,NO
relation,realtime,messages_2026_01_13,r,postgres,INSERT,NO
relation,realtime,messages_2026_01_13,r,postgres,REFERENCES,NO
relation,realtime,messages_2026_01_13,r,postgres,SELECT,NO
relation,realtime,messages_2026_01_13,r,postgres,TRIGGER,NO
relation,realtime,messages_2026_01_13,r,postgres,TRUNCATE,NO
relation,realtime,messages_2026_01_13,r,postgres,UPDATE,NO
relation,realtime,messages_2026_01_14,r,postgres,DELETE,NO
relation,realtime,messages_2026_01_14,r,postgres,INSERT,NO
relation,realtime,messages_2026_01_14,r,postgres,REFERENCES,NO
relation,realtime,messages_2026_01_14,r,postgres,SELECT,NO
relation,realtime,messages_2026_01_14,r,postgres,TRIGGER,NO
relation,realtime,messages_2026_01_14,r,postgres,TRUNCATE,NO
relation,realtime,messages_2026_01_14,r,postgres,UPDATE,NO
relation,realtime,messages_2026_01_15,r,postgres,DELETE,NO
relation,realtime,messages_2026_01_15,r,postgres,INSERT,NO
relation,realtime,messages_2026_01_15,r,postgres,REFERENCES,NO
relation,realtime,messages_2026_01_15,r,postgres,SELECT,NO
relation,realtime,messages_2026_01_15,r,postgres,TRIGGER,NO
relation,realtime,messages_2026_01_15,r,postgres,TRUNCATE,NO
relation,realtime,messages_2026_01_15,r,postgres,UPDATE,NO
relation,realtime,messages_2026_01_16,r,postgres,DELETE,NO
relation,realtime,messages_2026_01_16,r,postgres,INSERT,NO
relation,realtime,messages_2026_01_16,r,postgres,REFERENCES,NO
relation,realtime,messages_2026_01_16,r,postgres,SELECT,NO
relation,realtime,messages_2026_01_16,r,postgres,TRIGGER,NO
relation,realtime,messages_2026_01_16,r,postgres,TRUNCATE,NO
relation,realtime,messages_2026_01_16,r,postgres,UPDATE,NO
relation,realtime,messages_2026_01_17,r,postgres,DELETE,NO
relation,realtime,messages_2026_01_17,r,postgres,INSERT,NO
relation,realtime,messages_2026_01_17,r,postgres,REFERENCES,NO
relation,realtime,messages_2026_01_17,r,postgres,SELECT,NO
relation,realtime,messages_2026_01_17,r,postgres,TRIGGER,NO
relation,realtime,messages_2026_01_17,r,postgres,TRUNCATE,NO
relation,realtime,messages_2026_01_17,r,postgres,UPDATE,NO
relation,realtime,messages_2026_01_18,r,postgres,DELETE,NO
relation,realtime,messages_2026_01_18,r,postgres,INSERT,NO
relation,realtime,messages_2026_01_18,r,postgres,REFERENCES,NO
relation,realtime,messages_2026_01_18,r,postgres,SELECT,NO
relation,realtime,messages_2026_01_18,r,postgres,TRIGGER,NO
relation,realtime,messages_2026_01_18,r,postgres,TRUNCATE,NO
relation,realtime,messages_2026_01_18,r,postgres,UPDATE,NO
relation,realtime,messages_2026_01_19,r,postgres,DELETE,NO
relation,realtime,messages_2026_01_19,r,postgres,INSERT,NO
relation,realtime,messages_2026_01_19,r,postgres,REFERENCES,NO
relation,realtime,messages_2026_01_19,r,postgres,SELECT,NO
relation,realtime,messages_2026_01_19,r,postgres,TRIGGER,NO
relation,realtime,messages_2026_01_19,r,postgres,TRUNCATE,NO
relation,realtime,messages_2026_01_19,r,postgres,UPDATE,NO
relation,realtime,schema_migrations,r,anon,SELECT,NO
relation,realtime,schema_migrations,r,authenticated,SELECT,NO
relation,realtime,schema_migrations,r,postgres,DELETE,NO
relation,realtime,schema_migrations,r,postgres,INSERT,NO
relation,realtime,schema_migrations,r,postgres,REFERENCES,NO
relation,realtime,schema_migrations,r,postgres,SELECT,NO
relation,realtime,schema_migrations,r,postgres,TRIGGER,NO
relation,realtime,schema_migrations,r,postgres,TRUNCATE,NO
relation,realtime,schema_migrations,r,postgres,UPDATE,NO
relation,realtime,schema_migrations,r,service_role,SELECT,NO
relation,realtime,subscription,r,anon,SELECT,NO
relation,realtime,subscription,r,authenticated,SELECT,NO
relation,realtime,subscription,r,postgres,DELETE,NO
relation,realtime,subscription,r,postgres,INSERT,NO
relation,realtime,subscription,r,postgres,REFERENCES,NO
relation,realtime,subscription,r,postgres,SELECT,NO
relation,realtime,subscription,r,postgres,TRIGGER,NO
relation,realtime,subscription,r,postgres,TRUNCATE,NO
relation,realtime,subscription,r,postgres,UPDATE,NO
relation,realtime,subscription,r,service_role,SELECT,NO
relation,storage,buckets,r,anon,DELETE,NO
relation,storage,buckets,r,anon,INSERT,NO
relation,storage,buckets,r,anon,REFERENCES,NO
relation,storage,buckets,r,anon,SELECT,NO
relation,storage,buckets,r,anon,TRIGGER,NO
relation,storage,buckets,r,anon,TRUNCATE,NO
relation,storage,buckets,r,anon,UPDATE,NO
relation,storage,buckets,r,authenticated,DELETE,NO
relation,storage,buckets,r,authenticated,INSERT,NO
relation,storage,buckets,r,authenticated,REFERENCES,NO
relation,storage,buckets,r,authenticated,SELECT,NO
relation,storage,buckets,r,authenticated,TRIGGER,NO
relation,storage,buckets,r,authenticated,TRUNCATE,NO
relation,storage,buckets,r,authenticated,UPDATE,NO
relation,storage,buckets,r,postgres,DELETE,YES
relation,storage,buckets,r,postgres,INSERT,YES
relation,storage,buckets,r,postgres,REFERENCES,YES
relation,storage,buckets,r,postgres,SELECT,YES
relation,storage,buckets,r,postgres,TRIGGER,YES
relation,storage,buckets,r,postgres,TRUNCATE,YES
relation,storage,buckets,r,postgres,UPDATE,YES
relation,storage,buckets,r,service_role,DELETE,NO
relation,storage,buckets,r,service_role,INSERT,NO
relation,storage,buckets,r,service_role,REFERENCES,NO
relation,storage,buckets,r,service_role,SELECT,NO
relation,storage,buckets,r,service_role,TRIGGER,NO
relation,storage,buckets,r,service_role,TRUNCATE,NO
relation,storage,buckets,r,service_role,UPDATE,NO
relation,storage,buckets_analytics,r,anon,DELETE,NO
relation,storage,buckets_analytics,r,anon,INSERT,NO
relation,storage,buckets_analytics,r,anon,REFERENCES,NO
relation,storage,buckets_analytics,r,anon,SELECT,NO
relation,storage,buckets_analytics,r,anon,TRIGGER,NO
relation,storage,buckets_analytics,r,anon,TRUNCATE,NO
relation,storage,buckets_analytics,r,anon,UPDATE,NO
relation,storage,buckets_analytics,r,authenticated,DELETE,NO
relation,storage,buckets_analytics,r,authenticated,INSERT,NO
relation,storage,buckets_analytics,r,authenticated,REFERENCES,NO
relation,storage,buckets_analytics,r,authenticated,SELECT,NO
relation,storage,buckets_analytics,r,authenticated,TRIGGER,NO
relation,storage,buckets_analytics,r,authenticated,TRUNCATE,NO
relation,storage,buckets_analytics,r,authenticated,UPDATE,NO
relation,storage,buckets_analytics,r,service_role,DELETE,NO
relation,storage,buckets_analytics,r,service_role,INSERT,NO
relation,storage,buckets_analytics,r,service_role,REFERENCES,NO
relation,storage,buckets_analytics,r,service_role,SELECT,NO
relation,storage,buckets_analytics,r,service_role,TRIGGER,NO
relation,storage,buckets_analytics,r,service_role,TRUNCATE,NO
relation,storage,buckets_analytics,r,service_role,UPDATE,NO
relation,storage,buckets_vectors,r,anon,SELECT,NO
relation,storage,buckets_vectors,r,authenticated,SELECT,NO
relation,storage,buckets_vectors,r,service_role,SELECT,NO
relation,storage,iceberg_namespaces,r,anon,SELECT,NO
relation,storage,iceberg_namespaces,r,authenticated,SELECT,NO
relation,storage,iceberg_namespaces,r,service_role,DELETE,NO
relation,storage,iceberg_namespaces,r,service_role,INSERT,NO
relation,storage,iceberg_namespaces,r,service_role,REFERENCES,NO
relation,storage,iceberg_namespaces,r,service_role,SELECT,NO
relation,storage,iceberg_namespaces,r,service_role,TRIGGER,NO
relation,storage,iceberg_namespaces,r,service_role,TRUNCATE,NO
relation,storage,iceberg_namespaces,r,service_role,UPDATE,NO
relation,storage,iceberg_tables,r,anon,SELECT,NO
relation,storage,iceberg_tables,r,authenticated,SELECT,NO
relation,storage,iceberg_tables,r,service_role,DELETE,NO
relation,storage,iceberg_tables,r,service_role,INSERT,NO
relation,storage,iceberg_tables,r,service_role,REFERENCES,NO
relation,storage,iceberg_tables,r,service_role,SELECT,NO
relation,storage,iceberg_tables,r,service_role,TRIGGER,NO
relation,storage,iceberg_tables,r,service_role,TRUNCATE,NO
relation,storage,iceberg_tables,r,service_role,UPDATE,NO
relation,storage,objects,r,anon,DELETE,NO
relation,storage,objects,r,anon,INSERT,NO
relation,storage,objects,r,anon,REFERENCES,NO
relation,storage,objects,r,anon,SELECT,NO
relation,storage,objects,r,anon,TRIGGER,NO
relation,storage,objects,r,anon,TRUNCATE,NO
relation,storage,objects,r,anon,UPDATE,NO
relation,storage,objects,r,authenticated,DELETE,NO
relation,storage,objects,r,authenticated,INSERT,NO
relation,storage,objects,r,authenticated,REFERENCES,NO
relation,storage,objects,r,authenticated,SELECT,NO
relation,storage,objects,r,authenticated,TRIGGER,NO
relation,storage,objects,r,authenticated,TRUNCATE,NO
relation,storage,objects,r,authenticated,UPDATE,NO
relation,storage,objects,r,postgres,DELETE,YES
relation,storage,objects,r,postgres,INSERT,YES
relation,storage,objects,r,postgres,REFERENCES,YES
relation,storage,objects,r,postgres,SELECT,YES
relation,storage,objects,r,postgres,TRIGGER,YES
relation,storage,objects,r,postgres,TRUNCATE,YES
relation,storage,objects,r,postgres,UPDATE,YES
relation,storage,objects,r,service_role,DELETE,NO
relation,storage,objects,r,service_role,INSERT,NO
relation,storage,objects,r,service_role,REFERENCES,NO
relation,storage,objects,r,service_role,SELECT,NO
relation,storage,objects,r,service_role,TRIGGER,NO
relation,storage,objects,r,service_role,TRUNCATE,NO
relation,storage,objects,r,service_role,UPDATE,NO
relation,storage,prefixes,r,anon,DELETE,NO
relation,storage,prefixes,r,anon,INSERT,NO
relation,storage,prefixes,r,anon,REFERENCES,NO
relation,storage,prefixes,r,anon,SELECT,NO
relation,storage,prefixes,r,anon,TRIGGER,NO
relation,storage,prefixes,r,anon,TRUNCATE,NO
relation,storage,prefixes,r,anon,UPDATE,NO
relation,storage,prefixes,r,authenticated,DELETE,NO
relation,storage,prefixes,r,authenticated,INSERT,NO
relation,storage,prefixes,r,authenticated,REFERENCES,NO
relation,storage,prefixes,r,authenticated,SELECT,NO
relation,storage,prefixes,r,authenticated,TRIGGER,NO
relation,storage,prefixes,r,authenticated,TRUNCATE,NO
relation,storage,prefixes,r,authenticated,UPDATE,NO
relation,storage,prefixes,r,service_role,DELETE,NO
relation,storage,prefixes,r,service_role,INSERT,NO
relation,storage,prefixes,r,service_role,REFERENCES,NO
relation,storage,prefixes,r,service_role,SELECT,NO
relation,storage,prefixes,r,service_role,TRIGGER,NO
relation,storage,prefixes,r,service_role,TRUNCATE,NO
relation,storage,prefixes,r,service_role,UPDATE,NO
relation,storage,s3_multipart_uploads,r,anon,SELECT,NO
relation,storage,s3_multipart_uploads,r,authenticated,SELECT,NO
relation,storage,s3_multipart_uploads,r,service_role,DELETE,NO
relation,storage,s3_multipart_uploads,r,service_role,INSERT,NO
relation,storage,s3_multipart_uploads,r,service_role,REFERENCES,NO
relation,storage,s3_multipart_uploads,r,service_role,SELECT,NO
relation,storage,s3_multipart_uploads,r,service_role,TRIGGER,NO
relation,storage,s3_multipart_uploads,r,service_role,TRUNCATE,NO
relation,storage,s3_multipart_uploads,r,service_role,UPDATE,NO
relation,storage,s3_multipart_uploads_parts,r,anon,SELECT,NO
relation,storage,s3_multipart_uploads_parts,r,authenticated,SELECT,NO
relation,storage,s3_multipart_uploads_parts,r,service_role,DELETE,NO
relation,storage,s3_multipart_uploads_parts,r,service_role,INSERT,NO
relation,storage,s3_multipart_uploads_parts,r,service_role,REFERENCES,NO
relation,storage,s3_multipart_uploads_parts,r,service_role,SELECT,NO
relation,storage,s3_multipart_uploads_parts,r,service_role,TRIGGER,NO
relation,storage,s3_multipart_uploads_parts,r,service_role,TRUNCATE,NO
relation,storage,s3_multipart_uploads_parts,r,service_role,UPDATE,NO
relation,storage,vector_indexes,r,anon,SELECT,NO
relation,storage,vector_indexes,r,authenticated,SELECT,NO
relation,storage,vector_indexes,r,service_role,SELECT,NO
relation,supabase_functions,hooks,r,anon,DELETE,NO
relation,supabase_functions,hooks,r,anon,INSERT,NO
relation,supabase_functions,hooks,r,anon,REFERENCES,NO
relation,supabase_functions,hooks,r,anon,SELECT,NO
relation,supabase_functions,hooks,r,anon,TRIGGER,NO
relation,supabase_functions,hooks,r,anon,TRUNCATE,NO
relation,supabase_functions,hooks,r,anon,UPDATE,NO
relation,supabase_functions,hooks,r,authenticated,DELETE,NO
relation,supabase_functions,hooks,r,authenticated,INSERT,NO
relation,supabase_functions,hooks,r,authenticated,REFERENCES,NO
relation,supabase_functions,hooks,r,authenticated,SELECT,NO
relation,supabase_functions,hooks,r,authenticated,TRIGGER,NO
relation,supabase_functions,hooks,r,authenticated,TRUNCATE,NO
relation,supabase_functions,hooks,r,authenticated,UPDATE,NO
relation,supabase_functions,hooks,r,postgres,DELETE,YES
relation,supabase_functions,hooks,r,postgres,INSERT,YES
relation,supabase_functions,hooks,r,postgres,REFERENCES,YES
relation,supabase_functions,hooks,r,postgres,SELECT,YES
relation,supabase_functions,hooks,r,postgres,TRIGGER,YES
relation,supabase_functions,hooks,r,postgres,TRUNCATE,YES
relation,supabase_functions,hooks,r,postgres,UPDATE,YES
relation,supabase_functions,hooks,r,service_role,DELETE,NO
relation,supabase_functions,hooks,r,service_role,INSERT,NO
relation,supabase_functions,hooks,r,service_role,REFERENCES,NO
relation,supabase_functions,hooks,r,service_role,SELECT,NO
relation,supabase_functions,hooks,r,service_role,TRIGGER,NO
relation,supabase_functions,hooks,r,service_role,TRUNCATE,NO
relation,supabase_functions,hooks,r,service_role,UPDATE,NO
relation,supabase_functions,migrations,r,anon,DELETE,NO
relation,supabase_functions,migrations,r,anon,INSERT,NO
relation,supabase_functions,migrations,r,anon,REFERENCES,NO
relation,supabase_functions,migrations,r,anon,SELECT,NO
relation,supabase_functions,migrations,r,anon,TRIGGER,NO
relation,supabase_functions,migrations,r,anon,TRUNCATE,NO
relation,supabase_functions,migrations,r,anon,UPDATE,NO
relation,supabase_functions,migrations,r,authenticated,DELETE,NO
relation,supabase_functions,migrations,r,authenticated,INSERT,NO
relation,supabase_functions,migrations,r,authenticated,REFERENCES,NO
relation,supabase_functions,migrations,r,authenticated,SELECT,NO
relation,supabase_functions,migrations,r,authenticated,TRIGGER,NO
relation,supabase_functions,migrations,r,authenticated,TRUNCATE,NO
relation,supabase_functions,migrations,r,authenticated,UPDATE,NO
relation,supabase_functions,migrations,r,postgres,DELETE,YES
relation,supabase_functions,migrations,r,postgres,INSERT,YES
relation,supabase_functions,migrations,r,postgres,REFERENCES,YES
relation,supabase_functions,migrations,r,postgres,SELECT,YES
relation,supabase_functions,migrations,r,postgres,TRIGGER,YES
relation,supabase_functions,migrations,r,postgres,TRUNCATE,YES
relation,supabase_functions,migrations,r,postgres,UPDATE,YES
relation,supabase_functions,migrations,r,service_role,DELETE,NO
relation,supabase_functions,migrations,r,service_role,INSERT,NO
relation,supabase_functions,migrations,r,service_role,REFERENCES,NO
relation,supabase_functions,migrations,r,service_role,SELECT,NO
relation,supabase_functions,migrations,r,service_role,TRIGGER,NO
relation,supabase_functions,migrations,r,service_role,TRUNCATE,NO
relation,supabase_functions,migrations,r,service_role,UPDATE,NO
relation,supabase_migrations,schema_migrations,r,postgres,DELETE,YES
relation,supabase_migrations,schema_migrations,r,postgres,INSERT,YES
relation,supabase_migrations,schema_migrations,r,postgres,REFERENCES,YES
relation,supabase_migrations,schema_migrations,r,postgres,SELECT,YES
relation,supabase_migrations,schema_migrations,r,postgres,TRIGGER,YES
relation,supabase_migrations,schema_migrations,r,postgres,TRUNCATE,YES
relation,supabase_migrations,schema_migrations,r,postgres,UPDATE,YES
relation,supabase_migrations,seed_files,r,postgres,DELETE,YES
relation,supabase_migrations,seed_files,r,postgres,INSERT,YES
relation,supabase_migrations,seed_files,r,postgres,REFERENCES,YES
relation,supabase_migrations,seed_files,r,postgres,SELECT,YES
relation,supabase_migrations,seed_files,r,postgres,TRIGGER,YES
relation,supabase_migrations,seed_files,r,postgres,TRUNCATE,YES
relation,supabase_migrations,seed_files,r,postgres,UPDATE,YES
relation,vault,decrypted_secrets,v,postgres,DELETE,YES
relation,vault,decrypted_secrets,v,postgres,REFERENCES,YES
relation,vault,decrypted_secrets,v,postgres,SELECT,YES
relation,vault,decrypted_secrets,v,postgres,TRUNCATE,YES
relation,vault,decrypted_secrets,v,service_role,DELETE,NO
relation,vault,decrypted_secrets,v,service_role,SELECT,NO
relation,vault,secrets,r,postgres,DELETE,YES
relation,vault,secrets,r,postgres,REFERENCES,YES
relation,vault,secrets,r,postgres,SELECT,YES
relation,vault,secrets,r,postgres,TRUNCATE,YES
relation,vault,secrets,r,service_role,DELETE,NO
relation,vault,secrets,r,service_role,SELECT,NO
schema,_realtime,,,postgres,CREATE,false
schema,_realtime,,,postgres,USAGE,false
schema,auth,,,anon,USAGE,false
schema,auth,,,authenticated,USAGE,false
schema,auth,,,postgres,USAGE,false
schema,auth,,,service_role,USAGE,false
schema,extensions,,,anon,USAGE,false
schema,extensions,,,authenticated,USAGE,false
schema,extensions,,,postgres,CREATE,false
schema,extensions,,,postgres,USAGE,false
schema,extensions,,,service_role,USAGE,false
schema,graphql,,,anon,USAGE,false
schema,graphql,,,authenticated,USAGE,false
schema,graphql,,,postgres,USAGE,true
schema,graphql,,,service_role,USAGE,false
schema,graphql_public,,,anon,USAGE,false
schema,graphql_public,,,authenticated,USAGE,false
schema,graphql_public,,,postgres,USAGE,true
schema,graphql_public,,,service_role,USAGE,false
schema,net,,,PUBLIC,USAGE,false
schema,net,,,anon,USAGE,false
schema,net,,,authenticated,USAGE,false
schema,net,,,postgres,USAGE,false
schema,net,,,service_role,USAGE,false
schema,public,,,PUBLIC,USAGE,false
schema,public,,,anon,USAGE,false
schema,public,,,authenticated,USAGE,false
schema,public,,,postgres,USAGE,false
schema,public,,,service_role,USAGE,false
schema,realtime,,,anon,USAGE,false
schema,realtime,,,authenticated,USAGE,false
schema,realtime,,,postgres,USAGE,false
schema,realtime,,,service_role,USAGE,false
schema,storage,,,anon,USAGE,false
schema,storage,,,authenticated,USAGE,false
schema,storage,,,postgres,USAGE,true
schema,storage,,,service_role,USAGE,false
schema,supabase_functions,,,anon,USAGE,false
schema,supabase_functions,,,authenticated,USAGE,false
schema,supabase_functions,,,postgres,USAGE,false
schema,supabase_functions,,,service_role,USAGE,false
schema,supabase_migrations,,,postgres,CREATE,false
schema,supabase_migrations,,,postgres,USAGE,false
schema,vault,,,postgres,USAGE,true
schema,vault,,,service_role,USAGE,false
sequence,auth,refresh_tokens_id_seq,S,postgres,SELECT,false
sequence,auth,refresh_tokens_id_seq,S,postgres,UPDATE,false
sequence,auth,refresh_tokens_id_seq,S,postgres,USAGE,false
sequence,graphql,seq_schema_version,S,anon,SELECT,false
sequence,graphql,seq_schema_version,S,anon,UPDATE,false
sequence,graphql,seq_schema_version,S,anon,USAGE,false
sequence,graphql,seq_schema_version,S,authenticated,SELECT,false
sequence,graphql,seq_schema_version,S,authenticated,UPDATE,false
sequence,graphql,seq_schema_version,S,authenticated,USAGE,false
sequence,graphql,seq_schema_version,S,postgres,SELECT,false
sequence,graphql,seq_schema_version,S,postgres,UPDATE,false
sequence,graphql,seq_schema_version,S,postgres,USAGE,false
sequence,graphql,seq_schema_version,S,service_role,SELECT,false
sequence,graphql,seq_schema_version,S,service_role,UPDATE,false
sequence,graphql,seq_schema_version,S,service_role,USAGE,false
sequence,net,http_request_queue_id_seq,S,PUBLIC,SELECT,false
sequence,net,http_request_queue_id_seq,S,PUBLIC,UPDATE,false
sequence,net,http_request_queue_id_seq,S,PUBLIC,USAGE,false
sequence,public,rate_limits_id_seq,S,anon,SELECT,false
sequence,public,rate_limits_id_seq,S,anon,USAGE,false
sequence,public,rate_limits_id_seq,S,authenticated,SELECT,false
sequence,public,rate_limits_id_seq,S,authenticated,USAGE,false
sequence,public,rate_limits_id_seq,S,postgres,SELECT,false
sequence,public,rate_limits_id_seq,S,postgres,UPDATE,false
sequence,public,rate_limits_id_seq,S,postgres,USAGE,false
sequence,public,rate_limits_id_seq,S,service_role,SELECT,false
sequence,public,rate_limits_id_seq,S,service_role,UPDATE,false
sequence,public,rate_limits_id_seq,S,service_role,USAGE,false
sequence,realtime,subscription_id_seq,S,anon,USAGE,false
sequence,realtime,subscription_id_seq,S,authenticated,USAGE,false
sequence,realtime,subscription_id_seq,S,postgres,SELECT,false
sequence,realtime,subscription_id_seq,S,postgres,UPDATE,false
sequence,realtime,subscription_id_seq,S,postgres,USAGE,false
sequence,realtime,subscription_id_seq,S,service_role,USAGE,false
sequence,supabase_functions,hooks_id_seq,S,anon,SELECT,false
sequence,supabase_functions,hooks_id_seq,S,anon,UPDATE,false
sequence,supabase_functions,hooks_id_seq,S,anon,USAGE,false
sequence,supabase_functions,hooks_id_seq,S,authenticated,SELECT,false
sequence,supabase_functions,hooks_id_seq,S,authenticated,UPDATE,false
sequence,supabase_functions,hooks_id_seq,S,authenticated,USAGE,false
sequence,supabase_functions,hooks_id_seq,S,postgres,SELECT,false
sequence,supabase_functions,hooks_id_seq,S,postgres,UPDATE,false
sequence,supabase_functions,hooks_id_seq,S,postgres,USAGE,false
sequence,supabase_functions,hooks_id_seq,S,service_role,SELECT,false
sequence,supabase_functions,hooks_id_seq,S,service_role,UPDATE,false
sequence,supabase_functions,hooks_id_seq,S,service_role,USAGE,false
