object_type,schema_name,object_name,grantee,privilege_type,is_grantable
column,public,baits.category,anon,INSERT,NO
column,public,baits.category,anon,UPDATE,NO
column,public,baits.created_at,anon,INSERT,NO
column,public,baits.created_at,anon,UPDATE,NO
column,public,baits.label,anon,INSERT,NO
column,public,baits.label,anon,UPDATE,NO
column,public,baits.slug,anon,INSERT,NO
column,public,baits.slug,anon,UPDATE,NO
column,public,catch_comments.body,anon,INSERT,NO
column,public,catch_comments.body,anon,UPDATE,NO
column,public,catch_comments.catch_id,anon,INSERT,NO
column,public,catch_comments.catch_id,anon,UPDATE,NO
column,public,catch_comments.created_at,anon,INSERT,NO
column,public,catch_comments.created_at,anon,UPDATE,NO
column,public,catch_comments.deleted_at,anon,INSERT,NO
column,public,catch_comments.deleted_at,anon,UPDATE,NO
column,public,catch_comments.id,anon,INSERT,NO
column,public,catch_comments.id,anon,UPDATE,NO
column,public,catch_comments.is_admin_author,anon,INSERT,NO
column,public,catch_comments.is_admin_author,anon,UPDATE,NO
column,public,catch_comments.parent_comment_id,anon,INSERT,NO
column,public,catch_comments.parent_comment_id,anon,UPDATE,NO
column,public,catch_comments.updated_at,anon,INSERT,NO
column,public,catch_comments.updated_at,anon,UPDATE,NO
column,public,catch_comments.user_id,anon,INSERT,NO
column,public,catch_comments.user_id,anon,UPDATE,NO
column,public,catch_leaderboard_scores.catch_id,anon,INSERT,NO
column,public,catch_leaderboard_scores.catch_id,anon,UPDATE,NO
column,public,catch_leaderboard_scores.catch_id,authenticated,INSERT,NO
column,public,catch_leaderboard_scores.catch_id,authenticated,UPDATE,NO
column,public,catch_leaderboard_scores.created_at,anon,INSERT,NO
column,public,catch_leaderboard_scores.created_at,anon,UPDATE,NO
column,public,catch_leaderboard_scores.created_at,authenticated,INSERT,NO
column,public,catch_leaderboard_scores.created_at,authenticated,UPDATE,NO
column,public,catch_leaderboard_scores.species_key,anon,INSERT,NO
column,public,catch_leaderboard_scores.species_key,anon,UPDATE,NO
column,public,catch_leaderboard_scores.species_key,authenticated,INSERT,NO
column,public,catch_leaderboard_scores.species_key,authenticated,UPDATE,NO
column,public,catch_leaderboard_scores.total_score,anon,INSERT,NO
column,public,catch_leaderboard_scores.total_score,anon,UPDATE,NO
column,public,catch_leaderboard_scores.total_score,authenticated,INSERT,NO
column,public,catch_leaderboard_scores.total_score,authenticated,UPDATE,NO
column,public,catch_leaderboard_scores.updated_at,anon,INSERT,NO
column,public,catch_leaderboard_scores.updated_at,anon,UPDATE,NO
column,public,catch_leaderboard_scores.updated_at,authenticated,INSERT,NO
column,public,catch_leaderboard_scores.updated_at,authenticated,UPDATE,NO
column,public,catch_rating_stats.catch_id,anon,INSERT,NO
column,public,catch_rating_stats.catch_id,anon,UPDATE,NO
column,public,catch_rating_stats.catch_id,authenticated,INSERT,NO
column,public,catch_rating_stats.catch_id,authenticated,UPDATE,NO
column,public,catch_rating_stats.rating_count,anon,INSERT,NO
column,public,catch_rating_stats.rating_count,anon,UPDATE,NO
column,public,catch_rating_stats.rating_count,authenticated,INSERT,NO
column,public,catch_rating_stats.rating_count,authenticated,UPDATE,NO
column,public,catch_rating_stats.rating_sum,anon,INSERT,NO
column,public,catch_rating_stats.rating_sum,anon,UPDATE,NO
column,public,catch_rating_stats.rating_sum,authenticated,INSERT,NO
column,public,catch_rating_stats.rating_sum,authenticated,UPDATE,NO
column,public,catch_rating_stats.updated_at,anon,INSERT,NO
column,public,catch_rating_stats.updated_at,anon,UPDATE,NO
column,public,catch_rating_stats.updated_at,authenticated,INSERT,NO
column,public,catch_rating_stats.updated_at,authenticated,UPDATE,NO
column,public,catches.allow_ratings,authenticated,INSERT,NO
column,public,catches.allow_ratings,authenticated,UPDATE,NO
column,public,catches.bait_used,authenticated,INSERT,NO
column,public,catches.bait_used,authenticated,UPDATE,NO
column,public,catches.caught_at,authenticated,INSERT,NO
column,public,catches.caught_at,authenticated,UPDATE,NO
column,public,catches.conditions,authenticated,INSERT,NO
column,public,catches.conditions,authenticated,UPDATE,NO
column,public,catches.created_at,authenticated,INSERT,NO
column,public,catches.created_at,authenticated,UPDATE,NO
column,public,catches.custom_species,authenticated,INSERT,NO
column,public,catches.custom_species,authenticated,UPDATE,NO
column,public,catches.deleted_at,authenticated,INSERT,NO
column,public,catches.deleted_at,authenticated,UPDATE,NO
column,public,catches.description,authenticated,INSERT,NO
column,public,catches.description,authenticated,UPDATE,NO
column,public,catches.equipment_used,authenticated,INSERT,NO
column,public,catches.equipment_used,authenticated,UPDATE,NO
column,public,catches.gallery_photos,authenticated,INSERT,NO
column,public,catches.gallery_photos,authenticated,UPDATE,NO
column,public,catches.hide_exact_spot,authenticated,INSERT,NO
column,public,catches.hide_exact_spot,authenticated,UPDATE,NO
column,public,catches.id,authenticated,INSERT,NO
column,public,catches.id,authenticated,UPDATE,NO
column,public,catches.image_url,authenticated,INSERT,NO
column,public,catches.image_url,authenticated,UPDATE,NO
column,public,catches.length,authenticated,INSERT,NO
column,public,catches.length,authenticated,UPDATE,NO
column,public,catches.length_unit,authenticated,INSERT,NO
column,public,catches.length_unit,authenticated,UPDATE,NO
column,public,catches.location,authenticated,INSERT,NO
column,public,catches.location,authenticated,UPDATE,NO
column,public,catches.location_label,authenticated,INSERT,NO
column,public,catches.location_label,authenticated,UPDATE,NO
column,public,catches.method,authenticated,INSERT,NO
column,public,catches.method,authenticated,UPDATE,NO
column,public,catches.method_tag,authenticated,INSERT,NO
column,public,catches.method_tag,authenticated,UPDATE,NO
column,public,catches.peg_or_swim,authenticated,INSERT,NO
column,public,catches.peg_or_swim,authenticated,UPDATE,NO
column,public,catches.session_id,authenticated,INSERT,NO
column,public,catches.session_id,authenticated,UPDATE,NO
column,public,catches.species,authenticated,INSERT,NO
column,public,catches.species,authenticated,UPDATE,NO
column,public,catches.species_slug,authenticated,INSERT,NO
column,public,catches.species_slug,authenticated,UPDATE,NO
column,public,catches.tags,authenticated,INSERT,NO
column,public,catches.tags,authenticated,UPDATE,NO
column,public,catches.time_of_day,authenticated,INSERT,NO
column,public,catches.time_of_day,authenticated,UPDATE,NO
column,public,catches.title,authenticated,INSERT,NO
column,public,catches.title,authenticated,UPDATE,NO
column,public,catches.updated_at,authenticated,INSERT,NO
column,public,catches.updated_at,authenticated,UPDATE,NO
column,public,catches.user_id,authenticated,INSERT,NO
column,public,catches.user_id,authenticated,UPDATE,NO
column,public,catches.venue_id,authenticated,INSERT,NO
column,public,catches.venue_id,authenticated,UPDATE,NO
column,public,catches.video_url,authenticated,INSERT,NO
column,public,catches.video_url,authenticated,UPDATE,NO
column,public,catches.visibility,authenticated,INSERT,NO
column,public,catches.visibility,authenticated,UPDATE,NO
column,public,catches.water_type,authenticated,INSERT,NO
column,public,catches.water_type,authenticated,UPDATE,NO
column,public,catches.water_type_code,authenticated,INSERT,NO
column,public,catches.water_type_code,authenticated,UPDATE,NO
column,public,catches.weight,authenticated,INSERT,NO
column,public,catches.weight,authenticated,UPDATE,NO
column,public,catches.weight_unit,authenticated,INSERT,NO
column,public,catches.weight_unit,authenticated,UPDATE,NO
column,public,leaderboard_scores_detailed.avg_rating,anon,INSERT,NO
column,public,leaderboard_scores_detailed.avg_rating,anon,UPDATE,NO
column,public,leaderboard_scores_detailed.caught_at,anon,INSERT,NO
column,public,leaderboard_scores_detailed.caught_at,anon,UPDATE,NO
column,public,leaderboard_scores_detailed.conditions,anon,INSERT,NO
column,public,leaderboard_scores_detailed.conditions,anon,UPDATE,NO
column,public,leaderboard_scores_detailed.created_at,anon,INSERT,NO
column,public,leaderboard_scores_detailed.created_at,anon,UPDATE,NO
column,public,leaderboard_scores_detailed.description,anon,INSERT,NO
column,public,leaderboard_scores_detailed.description,anon,UPDATE,NO
column,public,leaderboard_scores_detailed.gallery_photos,anon,INSERT,NO
column,public,leaderboard_scores_detailed.gallery_photos,anon,UPDATE,NO
column,public,leaderboard_scores_detailed.id,anon,INSERT,NO
column,public,leaderboard_scores_detailed.id,anon,UPDATE,NO
column,public,leaderboard_scores_detailed.image_url,anon,INSERT,NO
column,public,leaderboard_scores_detailed.image_url,anon,UPDATE,NO
column,public,leaderboard_scores_detailed.is_blocked_from_viewer,anon,INSERT,NO
column,public,leaderboard_scores_detailed.is_blocked_from_viewer,anon,UPDATE,NO
column,public,leaderboard_scores_detailed.length,anon,INSERT,NO
column,public,leaderboard_scores_detailed.length,anon,UPDATE,NO
column,public,leaderboard_scores_detailed.length_unit,anon,INSERT,NO
column,public,leaderboard_scores_detailed.length_unit,anon,UPDATE,NO
column,public,leaderboard_scores_detailed.location,anon,INSERT,NO
column,public,leaderboard_scores_detailed.location,anon,UPDATE,NO
column,public,leaderboard_scores_detailed.location_label,anon,INSERT,NO
column,public,leaderboard_scores_detailed.location_label,anon,UPDATE,NO
column,public,leaderboard_scores_detailed.method,anon,INSERT,NO
column,public,leaderboard_scores_detailed.method,anon,UPDATE,NO
column,public,leaderboard_scores_detailed.method_tag,anon,INSERT,NO
column,public,leaderboard_scores_detailed.method_tag,anon,UPDATE,NO
column,public,leaderboard_scores_detailed.owner_username,anon,INSERT,NO
column,public,leaderboard_scores_detailed.owner_username,anon,UPDATE,NO
column,public,leaderboard_scores_detailed.rating_count,anon,INSERT,NO
column,public,leaderboard_scores_detailed.rating_count,anon,UPDATE,NO
column,public,leaderboard_scores_detailed.species,anon,INSERT,NO
column,public,leaderboard_scores_detailed.species,anon,UPDATE,NO
column,public,leaderboard_scores_detailed.species_slug,anon,INSERT,NO
column,public,leaderboard_scores_detailed.species_slug,anon,UPDATE,NO
column,public,leaderboard_scores_detailed.tags,anon,INSERT,NO
column,public,leaderboard_scores_detailed.tags,anon,UPDATE,NO
column,public,leaderboard_scores_detailed.title,anon,INSERT,NO
column,public,leaderboard_scores_detailed.title,anon,UPDATE,NO
column,public,leaderboard_scores_detailed.total_score,anon,INSERT,NO
column,public,leaderboard_scores_detailed.total_score,anon,UPDATE,NO
column,public,leaderboard_scores_detailed.user_id,anon,INSERT,NO
column,public,leaderboard_scores_detailed.user_id,anon,UPDATE,NO
column,public,leaderboard_scores_detailed.video_url,anon,INSERT,NO
column,public,leaderboard_scores_detailed.video_url,anon,UPDATE,NO
column,public,leaderboard_scores_detailed.water_type_code,anon,INSERT,NO
column,public,leaderboard_scores_detailed.water_type_code,anon,UPDATE,NO
column,public,leaderboard_scores_detailed.weight,anon,INSERT,NO
column,public,leaderboard_scores_detailed.weight,anon,UPDATE,NO
column,public,leaderboard_scores_detailed.weight_unit,anon,INSERT,NO
column,public,leaderboard_scores_detailed.weight_unit,anon,UPDATE,NO
column,public,notifications.actor_id,authenticated,UPDATE,NO
column,public,notifications.catch_id,authenticated,UPDATE,NO
column,public,notifications.comment_id,authenticated,UPDATE,NO
column,public,notifications.created_at,authenticated,UPDATE,NO
column,public,notifications.deleted_at,authenticated,UPDATE,NO
column,public,notifications.extra_data,authenticated,UPDATE,NO
column,public,notifications.id,authenticated,UPDATE,NO
column,public,notifications.is_read,authenticated,UPDATE,NO
column,public,notifications.message,authenticated,UPDATE,NO
column,public,notifications.read_at,authenticated,UPDATE,NO
column,public,notifications.type,authenticated,UPDATE,NO
column,public,notifications.user_id,authenticated,UPDATE,NO
column,public,profile_blocks.blocked_id,anon,INSERT,NO
column,public,profile_blocks.blocked_id,anon,UPDATE,NO
column,public,profile_blocks.blocker_id,anon,INSERT,NO
column,public,profile_blocks.blocker_id,anon,UPDATE,NO
column,public,profile_blocks.created_at,anon,INSERT,NO
column,public,profile_blocks.created_at,anon,UPDATE,NO
column,public,profile_blocks.reason,anon,INSERT,NO
column,public,profile_blocks.reason,anon,UPDATE,NO
column,public,profiles.avatar_path,authenticated,INSERT,NO
column,public,profiles.avatar_path,authenticated,UPDATE,NO
column,public,profiles.avatar_url,authenticated,INSERT,NO
column,public,profiles.avatar_url,authenticated,UPDATE,NO
column,public,profiles.bio,authenticated,INSERT,NO
column,public,profiles.bio,authenticated,UPDATE,NO
column,public,profiles.created_at,authenticated,INSERT,NO
column,public,profiles.created_at,authenticated,UPDATE,NO
column,public,profiles.deleted_at,authenticated,INSERT,NO
column,public,profiles.deleted_at,authenticated,UPDATE,NO
column,public,profiles.full_name,authenticated,INSERT,NO
column,public,profiles.full_name,authenticated,UPDATE,NO
column,public,profiles.id,authenticated,INSERT,NO
column,public,profiles.id,authenticated,UPDATE,NO
column,public,profiles.is_deleted,authenticated,INSERT,NO
column,public,profiles.is_deleted,authenticated,UPDATE,NO
column,public,profiles.is_private,authenticated,INSERT,NO
column,public,profiles.is_private,authenticated,UPDATE,NO
column,public,profiles.location,authenticated,INSERT,NO
column,public,profiles.location,authenticated,UPDATE,NO
column,public,profiles.locked_for_deletion,authenticated,INSERT,NO
column,public,profiles.locked_for_deletion,authenticated,UPDATE,NO
column,public,profiles.moderation_status,authenticated,INSERT,NO
column,public,profiles.moderation_status,authenticated,UPDATE,NO
column,public,profiles.status,authenticated,INSERT,NO
column,public,profiles.status,authenticated,UPDATE,NO
column,public,profiles.suspension_until,authenticated,INSERT,NO
column,public,profiles.suspension_until,authenticated,UPDATE,NO
column,public,profiles.updated_at,authenticated,INSERT,NO
column,public,profiles.updated_at,authenticated,UPDATE,NO
column,public,profiles.username,authenticated,INSERT,NO
column,public,profiles.username,authenticated,UPDATE,NO
column,public,profiles.warn_count,authenticated,INSERT,NO
column,public,profiles.warn_count,authenticated,UPDATE,NO
column,public,profiles.website,authenticated,INSERT,NO
column,public,profiles.website,authenticated,UPDATE,NO
column,public,ratings.catch_id,anon,INSERT,NO
column,public,ratings.catch_id,anon,UPDATE,NO
column,public,ratings.catch_id,authenticated,INSERT,NO
column,public,ratings.catch_id,authenticated,UPDATE,NO
column,public,ratings.created_at,anon,INSERT,NO
column,public,ratings.created_at,anon,UPDATE,NO
column,public,ratings.created_at,authenticated,INSERT,NO
column,public,ratings.created_at,authenticated,UPDATE,NO
column,public,ratings.id,anon,INSERT,NO
column,public,ratings.id,anon,UPDATE,NO
column,public,ratings.id,authenticated,INSERT,NO
column,public,ratings.id,authenticated,UPDATE,NO
column,public,ratings.rating,anon,INSERT,NO
column,public,ratings.rating,anon,UPDATE,NO
column,public,ratings.rating,authenticated,INSERT,NO
column,public,ratings.rating,authenticated,UPDATE,NO
column,public,ratings.user_id,anon,INSERT,NO
column,public,ratings.user_id,anon,UPDATE,NO
column,public,ratings.user_id,authenticated,INSERT,NO
column,public,ratings.user_id,authenticated,UPDATE,NO
column,public,reports.created_at,anon,INSERT,NO
column,public,reports.created_at,anon,UPDATE,NO
column,public,reports.created_at,authenticated,INSERT,NO
column,public,reports.created_at,authenticated,UPDATE,NO
column,public,reports.details,anon,INSERT,NO
column,public,reports.details,anon,UPDATE,NO
column,public,reports.details,authenticated,INSERT,NO
column,public,reports.details,authenticated,UPDATE,NO
column,public,reports.id,anon,INSERT,NO
column,public,reports.id,anon,UPDATE,NO
column,public,reports.id,authenticated,INSERT,NO
column,public,reports.id,authenticated,UPDATE,NO
column,public,reports.reason,anon,INSERT,NO
column,public,reports.reason,anon,UPDATE,NO
column,public,reports.reason,authenticated,INSERT,NO
column,public,reports.reason,authenticated,UPDATE,NO
column,public,reports.reporter_id,anon,INSERT,NO
column,public,reports.reporter_id,anon,UPDATE,NO
column,public,reports.reporter_id,authenticated,INSERT,NO
column,public,reports.reporter_id,authenticated,UPDATE,NO
column,public,reports.resolution_notes,anon,INSERT,NO
column,public,reports.resolution_notes,anon,UPDATE,NO
column,public,reports.resolution_notes,authenticated,INSERT,NO
column,public,reports.resolution_notes,authenticated,UPDATE,NO
column,public,reports.reviewed_at,anon,INSERT,NO
column,public,reports.reviewed_at,anon,UPDATE,NO
column,public,reports.reviewed_at,authenticated,INSERT,NO
column,public,reports.reviewed_at,authenticated,UPDATE,NO
column,public,reports.reviewed_by,anon,INSERT,NO
column,public,reports.reviewed_by,anon,UPDATE,NO
column,public,reports.reviewed_by,authenticated,INSERT,NO
column,public,reports.reviewed_by,authenticated,UPDATE,NO
column,public,reports.status,anon,INSERT,NO
column,public,reports.status,anon,UPDATE,NO
column,public,reports.status,authenticated,INSERT,NO
column,public,reports.status,authenticated,UPDATE,NO
column,public,reports.target_id,anon,INSERT,NO
column,public,reports.target_id,anon,UPDATE,NO
column,public,reports.target_id,authenticated,INSERT,NO
column,public,reports.target_id,authenticated,UPDATE,NO
column,public,reports.target_type,anon,INSERT,NO
column,public,reports.target_type,anon,UPDATE,NO
column,public,reports.target_type,authenticated,INSERT,NO
column,public,reports.target_type,authenticated,UPDATE,NO
column,public,sessions.created_at,authenticated,INSERT,NO
column,public,sessions.created_at,authenticated,UPDATE,NO
column,public,sessions.date,authenticated,INSERT,NO
column,public,sessions.date,authenticated,UPDATE,NO
column,public,sessions.deleted_at,authenticated,INSERT,NO
column,public,sessions.deleted_at,authenticated,UPDATE,NO
column,public,sessions.id,authenticated,INSERT,NO
column,public,sessions.id,authenticated,UPDATE,NO
column,public,sessions.notes,authenticated,INSERT,NO
column,public,sessions.notes,authenticated,UPDATE,NO
column,public,sessions.title,authenticated,INSERT,NO
column,public,sessions.title,authenticated,UPDATE,NO
column,public,sessions.updated_at,authenticated,INSERT,NO
column,public,sessions.updated_at,authenticated,UPDATE,NO
column,public,sessions.user_id,authenticated,INSERT,NO
column,public,sessions.user_id,authenticated,UPDATE,NO
column,public,sessions.venue,authenticated,INSERT,NO
column,public,sessions.venue,authenticated,UPDATE,NO
column,public,sessions.venue_name_manual,authenticated,INSERT,NO
column,public,sessions.venue_name_manual,authenticated,UPDATE,NO
column,public,tags.category,anon,INSERT,NO
column,public,tags.category,anon,UPDATE,NO
column,public,tags.created_at,anon,INSERT,NO
column,public,tags.created_at,anon,UPDATE,NO
column,public,tags.label,anon,INSERT,NO
column,public,tags.label,anon,UPDATE,NO
column,public,tags.method_group,anon,INSERT,NO
column,public,tags.method_group,anon,UPDATE,NO
column,public,tags.slug,anon,INSERT,NO
column,public,tags.slug,anon,UPDATE,NO
column,public,venue_events.booking_url,anon,INSERT,NO
column,public,venue_events.booking_url,anon,UPDATE,NO
column,public,venue_events.booking_url,authenticated,INSERT,NO
column,public,venue_events.booking_url,authenticated,UPDATE,NO
column,public,venue_events.created_at,anon,INSERT,NO
column,public,venue_events.created_at,anon,UPDATE,NO
column,public,venue_events.created_at,authenticated,INSERT,NO
column,public,venue_events.created_at,authenticated,UPDATE,NO
column,public,venue_events.description,anon,INSERT,NO
column,public,venue_events.description,anon,UPDATE,NO
column,public,venue_events.description,authenticated,INSERT,NO
column,public,venue_events.description,authenticated,UPDATE,NO
column,public,venue_events.ends_at,anon,INSERT,NO
column,public,venue_events.ends_at,anon,UPDATE,NO
column,public,venue_events.ends_at,authenticated,INSERT,NO
column,public,venue_events.ends_at,authenticated,UPDATE,NO
column,public,venue_events.event_type,anon,INSERT,NO
column,public,venue_events.event_type,anon,UPDATE,NO
column,public,venue_events.event_type,authenticated,INSERT,NO
column,public,venue_events.event_type,authenticated,UPDATE,NO
column,public,venue_events.id,anon,INSERT,NO
column,public,venue_events.id,anon,UPDATE,NO
column,public,venue_events.id,authenticated,INSERT,NO
column,public,venue_events.id,authenticated,UPDATE,NO
column,public,venue_events.is_published,anon,INSERT,NO
column,public,venue_events.is_published,anon,UPDATE,NO
column,public,venue_events.is_published,authenticated,INSERT,NO
column,public,venue_events.is_published,authenticated,UPDATE,NO
column,public,venue_events.starts_at,anon,INSERT,NO
column,public,venue_events.starts_at,anon,UPDATE,NO
column,public,venue_events.starts_at,authenticated,INSERT,NO
column,public,venue_events.starts_at,authenticated,UPDATE,NO
column,public,venue_events.ticket_info,anon,INSERT,NO
column,public,venue_events.ticket_info,anon,UPDATE,NO
column,public,venue_events.ticket_info,authenticated,INSERT,NO
column,public,venue_events.ticket_info,authenticated,UPDATE,NO
column,public,venue_events.title,anon,INSERT,NO
column,public,venue_events.title,anon,UPDATE,NO
column,public,venue_events.title,authenticated,INSERT,NO
column,public,venue_events.title,authenticated,UPDATE,NO
column,public,venue_events.updated_at,anon,INSERT,NO
column,public,venue_events.updated_at,anon,UPDATE,NO
column,public,venue_events.updated_at,authenticated,INSERT,NO
column,public,venue_events.updated_at,authenticated,UPDATE,NO
column,public,venue_events.venue_id,anon,INSERT,NO
column,public,venue_events.venue_id,anon,UPDATE,NO
column,public,venue_events.venue_id,authenticated,INSERT,NO
column,public,venue_events.venue_id,authenticated,UPDATE,NO
column,public,venue_events.website_url,anon,INSERT,NO
column,public,venue_events.website_url,anon,UPDATE,NO
column,public,venue_events.website_url,authenticated,INSERT,NO
column,public,venue_events.website_url,authenticated,UPDATE,NO
column,public,venue_opening_hours.closes_at,anon,INSERT,NO
column,public,venue_opening_hours.closes_at,anon,UPDATE,NO
column,public,venue_opening_hours.created_at,anon,INSERT,NO
column,public,venue_opening_hours.created_at,anon,UPDATE,NO
column,public,venue_opening_hours.day_of_week,anon,INSERT,NO
column,public,venue_opening_hours.day_of_week,anon,UPDATE,NO
column,public,venue_opening_hours.id,anon,INSERT,NO
column,public,venue_opening_hours.id,anon,UPDATE,NO
column,public,venue_opening_hours.is_closed,anon,INSERT,NO
column,public,venue_opening_hours.is_closed,anon,UPDATE,NO
column,public,venue_opening_hours.label,anon,INSERT,NO
column,public,venue_opening_hours.label,anon,UPDATE,NO
column,public,venue_opening_hours.opens_at,anon,INSERT,NO
column,public,venue_opening_hours.opens_at,anon,UPDATE,NO
column,public,venue_opening_hours.order_index,anon,INSERT,NO
column,public,venue_opening_hours.order_index,anon,UPDATE,NO
column,public,venue_opening_hours.updated_at,anon,INSERT,NO
column,public,venue_opening_hours.updated_at,anon,UPDATE,NO
column,public,venue_opening_hours.venue_id,anon,INSERT,NO
column,public,venue_opening_hours.venue_id,anon,UPDATE,NO
column,public,venue_owners.created_at,anon,INSERT,NO
column,public,venue_owners.created_at,anon,UPDATE,NO
column,public,venue_owners.role,anon,INSERT,NO
column,public,venue_owners.role,anon,UPDATE,NO
column,public,venue_owners.user_id,anon,INSERT,NO
column,public,venue_owners.user_id,anon,UPDATE,NO
column,public,venue_owners.venue_id,anon,INSERT,NO
column,public,venue_owners.venue_id,anon,UPDATE,NO
column,public,venue_photos.caption,anon,INSERT,NO
column,public,venue_photos.caption,anon,UPDATE,NO
column,public,venue_photos.caption,authenticated,INSERT,NO
column,public,venue_photos.caption,authenticated,UPDATE,NO
column,public,venue_photos.created_at,anon,INSERT,NO
column,public,venue_photos.created_at,anon,UPDATE,NO
column,public,venue_photos.created_at,authenticated,INSERT,NO
column,public,venue_photos.created_at,authenticated,UPDATE,NO
column,public,venue_photos.created_by,anon,INSERT,NO
column,public,venue_photos.created_by,anon,UPDATE,NO
column,public,venue_photos.created_by,authenticated,INSERT,NO
column,public,venue_photos.created_by,authenticated,UPDATE,NO
column,public,venue_photos.id,anon,INSERT,NO
column,public,venue_photos.id,anon,UPDATE,NO
column,public,venue_photos.id,authenticated,INSERT,NO
column,public,venue_photos.id,authenticated,UPDATE,NO
column,public,venue_photos.image_path,anon,INSERT,NO
column,public,venue_photos.image_path,anon,UPDATE,NO
column,public,venue_photos.image_path,authenticated,INSERT,NO
column,public,venue_photos.image_path,authenticated,UPDATE,NO
column,public,venue_photos.is_primary,anon,INSERT,NO
column,public,venue_photos.is_primary,anon,UPDATE,NO
column,public,venue_photos.is_primary,authenticated,INSERT,NO
column,public,venue_photos.is_primary,authenticated,UPDATE,NO
column,public,venue_photos.venue_id,anon,INSERT,NO
column,public,venue_photos.venue_id,anon,UPDATE,NO
column,public,venue_photos.venue_id,authenticated,INSERT,NO
column,public,venue_photos.venue_id,authenticated,UPDATE,NO
column,public,venue_pricing_tiers.audience,anon,INSERT,NO
column,public,venue_pricing_tiers.audience,anon,UPDATE,NO
column,public,venue_pricing_tiers.created_at,anon,INSERT,NO
column,public,venue_pricing_tiers.created_at,anon,UPDATE,NO
column,public,venue_pricing_tiers.id,anon,INSERT,NO
column,public,venue_pricing_tiers.id,anon,UPDATE,NO
column,public,venue_pricing_tiers.label,anon,INSERT,NO
column,public,venue_pricing_tiers.label,anon,UPDATE,NO
column,public,venue_pricing_tiers.order_index,anon,INSERT,NO
column,public,venue_pricing_tiers.order_index,anon,UPDATE,NO
column,public,venue_pricing_tiers.price,anon,INSERT,NO
column,public,venue_pricing_tiers.price,anon,UPDATE,NO
column,public,venue_pricing_tiers.unit,anon,INSERT,NO
column,public,venue_pricing_tiers.unit,anon,UPDATE,NO
column,public,venue_pricing_tiers.updated_at,anon,INSERT,NO
column,public,venue_pricing_tiers.updated_at,anon,UPDATE,NO
column,public,venue_pricing_tiers.venue_id,anon,INSERT,NO
column,public,venue_pricing_tiers.venue_id,anon,UPDATE,NO
column,public,venue_ratings.created_at,anon,INSERT,NO
column,public,venue_ratings.created_at,anon,UPDATE,NO
column,public,venue_ratings.created_at,authenticated,INSERT,NO
column,public,venue_ratings.created_at,authenticated,UPDATE,NO
column,public,venue_ratings.id,anon,INSERT,NO
column,public,venue_ratings.id,anon,UPDATE,NO
column,public,venue_ratings.id,authenticated,INSERT,NO
column,public,venue_ratings.id,authenticated,UPDATE,NO
column,public,venue_ratings.rating,anon,INSERT,NO
column,public,venue_ratings.rating,anon,UPDATE,NO
column,public,venue_ratings.rating,authenticated,INSERT,NO
column,public,venue_ratings.rating,authenticated,UPDATE,NO
column,public,venue_ratings.updated_at,anon,INSERT,NO
column,public,venue_ratings.updated_at,anon,UPDATE,NO
column,public,venue_ratings.updated_at,authenticated,INSERT,NO
column,public,venue_ratings.updated_at,authenticated,UPDATE,NO
column,public,venue_ratings.user_id,anon,INSERT,NO
column,public,venue_ratings.user_id,anon,UPDATE,NO
column,public,venue_ratings.user_id,authenticated,INSERT,NO
column,public,venue_ratings.user_id,authenticated,UPDATE,NO
column,public,venue_ratings.venue_id,anon,INSERT,NO
column,public,venue_ratings.venue_id,anon,UPDATE,NO
column,public,venue_ratings.venue_id,authenticated,INSERT,NO
column,public,venue_ratings.venue_id,authenticated,UPDATE,NO
column,public,venue_rules.created_at,anon,INSERT,NO
column,public,venue_rules.created_at,anon,UPDATE,NO
column,public,venue_rules.rules_text,anon,INSERT,NO
column,public,venue_rules.rules_text,anon,UPDATE,NO
column,public,venue_rules.updated_at,anon,INSERT,NO
column,public,venue_rules.updated_at,anon,UPDATE,NO
column,public,venue_rules.venue_id,anon,INSERT,NO
column,public,venue_rules.venue_id,anon,UPDATE,NO
column,public,venue_species_stock.avg_weight,anon,INSERT,NO
column,public,venue_species_stock.avg_weight,anon,UPDATE,NO
column,public,venue_species_stock.created_at,anon,INSERT,NO
column,public,venue_species_stock.created_at,anon,UPDATE,NO
column,public,venue_species_stock.id,anon,INSERT,NO
column,public,venue_species_stock.id,anon,UPDATE,NO
column,public,venue_species_stock.record_unit,anon,INSERT,NO
column,public,venue_species_stock.record_unit,anon,UPDATE,NO
column,public,venue_species_stock.record_weight,anon,INSERT,NO
column,public,venue_species_stock.record_weight,anon,UPDATE,NO
column,public,venue_species_stock.size_range_max,anon,INSERT,NO
column,public,venue_species_stock.size_range_max,anon,UPDATE,NO
column,public,venue_species_stock.size_range_min,anon,INSERT,NO
column,public,venue_species_stock.size_range_min,anon,UPDATE,NO
column,public,venue_species_stock.species_name,anon,INSERT,NO
column,public,venue_species_stock.species_name,anon,UPDATE,NO
column,public,venue_species_stock.stock_density,anon,INSERT,NO
column,public,venue_species_stock.stock_density,anon,UPDATE,NO
column,public,venue_species_stock.stock_notes,anon,INSERT,NO
column,public,venue_species_stock.stock_notes,anon,UPDATE,NO
column,public,venue_species_stock.updated_at,anon,INSERT,NO
column,public,venue_species_stock.updated_at,anon,UPDATE,NO
column,public,venue_species_stock.venue_id,anon,INSERT,NO
column,public,venue_species_stock.venue_id,anon,UPDATE,NO
column,public,venue_stats.active_anglers_30d,anon,INSERT,NO
column,public,venue_stats.active_anglers_30d,anon,UPDATE,NO
column,public,venue_stats.active_anglers_30d,authenticated,INSERT,NO
column,public,venue_stats.active_anglers_30d,authenticated,UPDATE,NO
column,public,venue_stats.active_anglers_all_time,anon,INSERT,NO
column,public,venue_stats.active_anglers_all_time,anon,UPDATE,NO
column,public,venue_stats.active_anglers_all_time,authenticated,INSERT,NO
column,public,venue_stats.active_anglers_all_time,authenticated,UPDATE,NO
column,public,venue_stats.avg_rating,anon,INSERT,NO
column,public,venue_stats.avg_rating,anon,UPDATE,NO
column,public,venue_stats.avg_rating,authenticated,INSERT,NO
column,public,venue_stats.avg_rating,authenticated,UPDATE,NO
column,public,venue_stats.headline_pb_species,anon,INSERT,NO
column,public,venue_stats.headline_pb_species,anon,UPDATE,NO
column,public,venue_stats.headline_pb_species,authenticated,INSERT,NO
column,public,venue_stats.headline_pb_species,authenticated,UPDATE,NO
column,public,venue_stats.headline_pb_unit,anon,INSERT,NO
column,public,venue_stats.headline_pb_unit,anon,UPDATE,NO
column,public,venue_stats.headline_pb_unit,authenticated,INSERT,NO
column,public,venue_stats.headline_pb_unit,authenticated,UPDATE,NO
column,public,venue_stats.headline_pb_weight,anon,INSERT,NO
column,public,venue_stats.headline_pb_weight,anon,UPDATE,NO
column,public,venue_stats.headline_pb_weight,authenticated,INSERT,NO
column,public,venue_stats.headline_pb_weight,authenticated,UPDATE,NO
column,public,venue_stats.rating_count,anon,INSERT,NO
column,public,venue_stats.rating_count,anon,UPDATE,NO
column,public,venue_stats.rating_count,authenticated,INSERT,NO
column,public,venue_stats.rating_count,authenticated,UPDATE,NO
column,public,venue_stats.recent_catches_30d,anon,INSERT,NO
column,public,venue_stats.recent_catches_30d,anon,UPDATE,NO
column,public,venue_stats.recent_catches_30d,authenticated,INSERT,NO
column,public,venue_stats.recent_catches_30d,authenticated,UPDATE,NO
column,public,venue_stats.top_species,anon,INSERT,NO
column,public,venue_stats.top_species,anon,UPDATE,NO
column,public,venue_stats.top_species,authenticated,INSERT,NO
column,public,venue_stats.top_species,authenticated,UPDATE,NO
column,public,venue_stats.total_catches,anon,INSERT,NO
column,public,venue_stats.total_catches,anon,UPDATE,NO
column,public,venue_stats.total_catches,authenticated,INSERT,NO
column,public,venue_stats.total_catches,authenticated,UPDATE,NO
column,public,venue_stats.venue_id,anon,INSERT,NO
column,public,venue_stats.venue_id,anon,UPDATE,NO
column,public,venue_stats.venue_id,authenticated,INSERT,NO
column,public,venue_stats.venue_id,authenticated,UPDATE,NO
column,public,venue_stats_public.active_anglers_30d,anon,INSERT,NO
column,public,venue_stats_public.active_anglers_30d,anon,UPDATE,NO
column,public,venue_stats_public.active_anglers_30d,authenticated,INSERT,NO
column,public,venue_stats_public.active_anglers_30d,authenticated,UPDATE,NO
column,public,venue_stats_public.active_anglers_all_time,anon,INSERT,NO
column,public,venue_stats_public.active_anglers_all_time,anon,UPDATE,NO
column,public,venue_stats_public.active_anglers_all_time,authenticated,INSERT,NO
column,public,venue_stats_public.active_anglers_all_time,authenticated,UPDATE,NO
column,public,venue_stats_public.avg_rating,anon,INSERT,NO
column,public,venue_stats_public.avg_rating,anon,UPDATE,NO
column,public,venue_stats_public.avg_rating,authenticated,INSERT,NO
column,public,venue_stats_public.avg_rating,authenticated,UPDATE,NO
column,public,venue_stats_public.headline_pb_species,anon,INSERT,NO
column,public,venue_stats_public.headline_pb_species,anon,UPDATE,NO
column,public,venue_stats_public.headline_pb_species,authenticated,INSERT,NO
column,public,venue_stats_public.headline_pb_species,authenticated,UPDATE,NO
column,public,venue_stats_public.headline_pb_unit,anon,INSERT,NO
column,public,venue_stats_public.headline_pb_unit,anon,UPDATE,NO
column,public,venue_stats_public.headline_pb_unit,authenticated,INSERT,NO
column,public,venue_stats_public.headline_pb_unit,authenticated,UPDATE,NO
column,public,venue_stats_public.headline_pb_weight,anon,INSERT,NO
column,public,venue_stats_public.headline_pb_weight,anon,UPDATE,NO
column,public,venue_stats_public.headline_pb_weight,authenticated,INSERT,NO
column,public,venue_stats_public.headline_pb_weight,authenticated,UPDATE,NO
column,public,venue_stats_public.rating_count,anon,INSERT,NO
column,public,venue_stats_public.rating_count,anon,UPDATE,NO
column,public,venue_stats_public.rating_count,authenticated,INSERT,NO
column,public,venue_stats_public.rating_count,authenticated,UPDATE,NO
column,public,venue_stats_public.recent_catches_30d,anon,INSERT,NO
column,public,venue_stats_public.recent_catches_30d,anon,UPDATE,NO
column,public,venue_stats_public.recent_catches_30d,authenticated,INSERT,NO
column,public,venue_stats_public.recent_catches_30d,authenticated,UPDATE,NO
column,public,venue_stats_public.top_species,anon,INSERT,NO
column,public,venue_stats_public.top_species,anon,UPDATE,NO
column,public,venue_stats_public.top_species,authenticated,INSERT,NO
column,public,venue_stats_public.top_species,authenticated,UPDATE,NO
column,public,venue_stats_public.total_catches,anon,INSERT,NO
column,public,venue_stats_public.total_catches,anon,UPDATE,NO
column,public,venue_stats_public.total_catches,authenticated,INSERT,NO
column,public,venue_stats_public.total_catches,authenticated,UPDATE,NO
column,public,venue_stats_public.venue_id,anon,INSERT,NO
column,public,venue_stats_public.venue_id,anon,UPDATE,NO
column,public,venue_stats_public.venue_id,authenticated,INSERT,NO
column,public,venue_stats_public.venue_id,authenticated,UPDATE,NO
column,public,venues.best_for_tags,anon,INSERT,NO
column,public,venues.best_for_tags,anon,UPDATE,NO
column,public,venues.booking_enabled,anon,INSERT,NO
column,public,venues.booking_enabled,anon,UPDATE,NO
column,public,venues.booking_url,anon,INSERT,NO
column,public,venues.booking_url,anon,UPDATE,NO
column,public,venues.contact_phone,anon,INSERT,NO
column,public,venues.contact_phone,anon,UPDATE,NO
column,public,venues.created_at,anon,INSERT,NO
column,public,venues.created_at,anon,UPDATE,NO
column,public,venues.description,anon,INSERT,NO
column,public,venues.description,anon,UPDATE,NO
column,public,venues.facilities,anon,INSERT,NO
column,public,venues.facilities,anon,UPDATE,NO
column,public,venues.id,anon,INSERT,NO
column,public,venues.id,anon,UPDATE,NO
column,public,venues.is_published,anon,INSERT,NO
column,public,venues.is_published,anon,UPDATE,NO
column,public,venues.location,anon,INSERT,NO
column,public,venues.location,anon,UPDATE,NO
column,public,venues.name,anon,INSERT,NO
column,public,venues.name,anon,UPDATE,NO
column,public,venues.notes_for_rr_team,anon,INSERT,NO
column,public,venues.notes_for_rr_team,anon,UPDATE,NO
column,public,venues.payment_methods,anon,INSERT,NO
column,public,venues.payment_methods,anon,UPDATE,NO
column,public,venues.payment_notes,anon,INSERT,NO
column,public,venues.payment_notes,anon,UPDATE,NO
column,public,venues.price_from,anon,INSERT,NO
column,public,venues.price_from,anon,UPDATE,NO
column,public,venues.short_tagline,anon,INSERT,NO
column,public,venues.short_tagline,anon,UPDATE,NO
column,public,venues.slug,anon,INSERT,NO
column,public,venues.slug,anon,UPDATE,NO
column,public,venues.ticket_type,anon,INSERT,NO
column,public,venues.ticket_type,anon,UPDATE,NO
column,public,venues.updated_at,anon,INSERT,NO
column,public,venues.updated_at,anon,UPDATE,NO
column,public,venues.website_url,anon,INSERT,NO
column,public,venues.website_url,anon,UPDATE,NO
column,public,water_types.code,anon,INSERT,NO
column,public,water_types.code,anon,UPDATE,NO
column,public,water_types.created_at,anon,INSERT,NO
column,public,water_types.created_at,anon,UPDATE,NO
column,public,water_types.group_name,anon,INSERT,NO
column,public,water_types.group_name,anon,UPDATE,NO
column,public,water_types.label,anon,INSERT,NO
column,public,water_types.label,anon,UPDATE,NO
table,public,baits,anon,DELETE,NO
table,public,baits,anon,INSERT,NO
table,public,baits,anon,UPDATE,NO
table,public,catch_comments,anon,DELETE,NO
table,public,catch_comments,anon,INSERT,NO
table,public,catch_comments,anon,UPDATE,NO
table,public,catch_leaderboard_scores,anon,DELETE,NO
table,public,catch_leaderboard_scores,anon,INSERT,NO
table,public,catch_leaderboard_scores,anon,UPDATE,NO
table,public,catch_leaderboard_scores,authenticated,DELETE,NO
table,public,catch_leaderboard_scores,authenticated,INSERT,NO
table,public,catch_leaderboard_scores,authenticated,UPDATE,NO
table,public,catch_rating_stats,anon,DELETE,NO
table,public,catch_rating_stats,anon,INSERT,NO
table,public,catch_rating_stats,anon,UPDATE,NO
table,public,catch_rating_stats,authenticated,DELETE,NO
table,public,catch_rating_stats,authenticated,INSERT,NO
table,public,catch_rating_stats,authenticated,UPDATE,NO
table,public,catch_reactions,authenticated,DELETE,NO
table,public,catches,authenticated,DELETE,NO
table,public,catches,authenticated,INSERT,NO
table,public,catches,authenticated,UPDATE,NO
table,public,leaderboard_scores_detailed,anon,DELETE,NO
table,public,leaderboard_scores_detailed,anon,INSERT,NO
table,public,leaderboard_scores_detailed,anon,UPDATE,NO
table,public,notifications,authenticated,DELETE,NO
table,public,notifications,authenticated,UPDATE,NO
table,public,profile_blocks,anon,DELETE,NO
table,public,profile_blocks,anon,INSERT,NO
table,public,profile_blocks,anon,UPDATE,NO
table,public,profile_follows,authenticated,DELETE,NO
table,public,profiles,authenticated,DELETE,NO
table,public,profiles,authenticated,INSERT,NO
table,public,profiles,authenticated,UPDATE,NO
table,public,ratings,anon,DELETE,NO
table,public,ratings,anon,INSERT,NO
table,public,ratings,anon,UPDATE,NO
table,public,ratings,authenticated,DELETE,NO
table,public,ratings,authenticated,INSERT,NO
table,public,ratings,authenticated,UPDATE,NO
table,public,reports,anon,DELETE,NO
table,public,reports,anon,INSERT,NO
table,public,reports,anon,UPDATE,NO
table,public,reports,authenticated,DELETE,NO
table,public,reports,authenticated,INSERT,NO
table,public,reports,authenticated,UPDATE,NO
table,public,sessions,authenticated,DELETE,NO
table,public,sessions,authenticated,INSERT,NO
table,public,sessions,authenticated,UPDATE,NO
table,public,tags,anon,DELETE,NO
table,public,tags,anon,INSERT,NO
table,public,tags,anon,UPDATE,NO
table,public,venue_events,anon,DELETE,NO
table,public,venue_events,anon,INSERT,NO
table,public,venue_events,anon,UPDATE,NO
table,public,venue_events,authenticated,DELETE,NO
table,public,venue_events,authenticated,INSERT,NO
table,public,venue_events,authenticated,UPDATE,NO
table,public,venue_opening_hours,anon,DELETE,NO
table,public,venue_opening_hours,anon,INSERT,NO
table,public,venue_opening_hours,anon,UPDATE,NO
table,public,venue_owners,anon,DELETE,NO
table,public,venue_owners,anon,INSERT,NO
table,public,venue_owners,anon,UPDATE,NO
table,public,venue_photos,anon,DELETE,NO
table,public,venue_photos,anon,INSERT,NO
table,public,venue_photos,anon,UPDATE,NO
table,public,venue_photos,authenticated,DELETE,NO
table,public,venue_photos,authenticated,INSERT,NO
table,public,venue_photos,authenticated,UPDATE,NO
table,public,venue_pricing_tiers,anon,DELETE,NO
table,public,venue_pricing_tiers,anon,INSERT,NO
table,public,venue_pricing_tiers,anon,UPDATE,NO
table,public,venue_ratings,anon,DELETE,NO
table,public,venue_ratings,anon,INSERT,NO
table,public,venue_ratings,anon,UPDATE,NO
table,public,venue_ratings,authenticated,DELETE,NO
table,public,venue_ratings,authenticated,INSERT,NO
table,public,venue_ratings,authenticated,UPDATE,NO
table,public,venue_rules,anon,DELETE,NO
table,public,venue_rules,anon,INSERT,NO
table,public,venue_rules,anon,UPDATE,NO
table,public,venue_species_stock,anon,DELETE,NO
table,public,venue_species_stock,anon,INSERT,NO
table,public,venue_species_stock,anon,UPDATE,NO
table,public,venue_stats,anon,DELETE,NO
table,public,venue_stats,anon,INSERT,NO
table,public,venue_stats,anon,UPDATE,NO
table,public,venue_stats,authenticated,DELETE,NO
table,public,venue_stats,authenticated,INSERT,NO
table,public,venue_stats,authenticated,UPDATE,NO
table,public,venue_stats_public,anon,DELETE,NO
table,public,venue_stats_public,anon,INSERT,NO
table,public,venue_stats_public,anon,UPDATE,NO
table,public,venue_stats_public,authenticated,DELETE,NO
table,public,venue_stats_public,authenticated,INSERT,NO
table,public,venue_stats_public,authenticated,UPDATE,NO
table,public,venues,anon,DELETE,NO
table,public,venues,anon,INSERT,NO
table,public,venues,anon,UPDATE,NO
table,public,water_types,anon,DELETE,NO
table,public,water_types,anon,INSERT,NO
table,public,water_types,anon,UPDATE,NO